GISJOIN,elevation_mean
G0100790,205.1856689453125
G0100090,228.07492065429688
G0101330,220.24237060546875
G0100650,63.23014831542969
G0100030,29.874418258666992
G0100930,194.12754821777344
G0100330,184.02386474609375
G0100890,238.6729278564453
G0100710,320.4740905761719
G0100490,370.4482727050781
G0100970,34.62921142578125
G0101250,109.19380950927734
G0100450,93.22430419921875
G0100310,93.28948211669922
G0100190,225.3843231201172
G0100610,61.857566833496094
G0100730,177.00637817382812
G0101190,53.87699890136719
G0101010,83.3313980102539
G0100910,52.52467727661133
G0100350,88.08538055419922
G0100150,229.69664001464844
G0101050,85.048614501953125
G0101210,196.92881774902344
G0101130,105.36875915527344
G0100830,209.61117553710938
G0100470,57.80268859863281
G0101090,125.19659423828125
G0100010,107.5038833618164
G0101270,143.8390350341797
G0100230,60.14690399169922
G0100270,306.4866638183594
G0100670,83.27620697021484
G0100070,123.83101654052734
G0100370,194.29840087890625
G0100630,52.360015869140625
G0100130,104.71280670166016
G0100410,113.78648376464844
G0100770,192.83628845214844
G0100530,64.3870620727539
G0100950,270.0295715332031
G0100210,159.68936157226562
G0101030,217.78285217285156
G0100990,74.5510482788086
G0100250,59.88895797729492
G0100390,79.7093276977539
G0100750,117.72169494628906
G0100850,78.91764831542969
G0100570,145.30174255371094
G0101290,44.47692108154297
G0101310,54.66164779663086
G0100430,241.29466247558594
G0100810,183.586669921875
G0100110,124.89673614501953
G0100290,321.00750732421875
G0100550,229.74447631835938
G0100170,219.93670654296875
G0100050,114.4338150024414
G0100510,113.71717071533203
G0100590,230.45155334472656
G0101230,191.06739807128906
G0101150,207.990966796875
G0100870,103.05206298828125
G0101110,287.1346130371094
G0101170,168.8004608154297
G0101070,82.70464324951172
G0500570,104.31756591796875
G0500430,54.84921646118164
G0500610,171.02255249023438
G0501090,178.28623962402344
G0501230,66.21551513671875
G0500130,51.73381042480469
G0501430,428.1750793457031
G0501310,230.03553771972656
G0500750,93.73841094970703
G0500050,230.1005096435547
G0500410,44.173038482666016
G0500730,74.91416931152344
G0501410,303.3511962890625
G0500990,88.64466857910156
G0500550,93.33238220214844
G0500870,504.0598449707031
G0501270,275.74029541015625
G0500190,92.049530029296875
G0500970,271.5766296386719
G0500350,64.14708709716797
G0501110,71.15863037109375
G0500210,92.34070587158203
G0500450,123.1983642578125
G0500910,80.24361419677734
G0500950,53.50730895996094
G0500170,35.57891845703125
G0500390,81.61332702636719
G0500030,40.75727462768555
G0500370,72.06795501708984
G0500510,208.8712158203125
G0500890,265.2043151855469
G0500790,61.716304779052734
G0500710,308.48065185546875
G0500670,77.667449951171875
G0501010,481.62451171875
G0500770,60.47151184082031
G0500630,136.77305603027344
G0500230,221.74014282226562
G0501190,103.61343383789062
G0500010,55.2584228515625
G0501170,62.4098014831543
G0501050,180.4917755126953
G0501030,55.99171829223633
G0500490,226.01771545410156
G0500110,48.026241302490234
G0500070,376.1311950683594
G0500930,71.64971160888672
G0501070,53.82783126831055
G0500830,208.3059539794922
G0500090,361.07794189453125
G0500310,78.26728057861328
G0501490,190.74295043945312
G0500330,286.8481750488281
G0500690,67.5781021118164
G0500810,96.74230194091797
G0500650,200.08578491210938
G0501290,354.8810729980469
G0500590,132.15713500976562
G0500150,410.61181640625
G0501390,53.78437805175781
G0501250,156.6882781982422
G0501210,121.63665008544922
G0501370,276.1013488769531
G0501470,61.07025909423828
G0501450,103.3282699584961
G0501130,358.2493896484375
G0500470,250.02401733398438
G0500850,71.37701416015625
G0500290,149.64578247070312
G0501350,169.08395385742188
G0500250,61.4891357421875
G0501150,255.1355438232422
G0500530,78.803497314453125
G0500270,83.52022552490234
G0501330,132.1167755126953
G0600530,434.1039123535156
G0600910,1748.464599609375
G0600370,681.31597900390625
G0600070,458.5520935058594
G0600810,184.5862579345703
G0600350,1635.6544189453125
G0600970,218.86074829101562
G0600690,583.88775634765625
G0600630,1618.911865234375
G0601070,1060.5142822265625
G0601150,307.4541015625
G0600110,292.3859558105469
G0600590,210.68568420410156
G0600950,53.55236053466797
G0600090,726.74041748046875
G0601110,820.51885986328125
G0600230,523.314208984375
G0600490,1516.1136474609375
G0600670,29.74827003479004
G0600830,546.71783447265625
G0600510,2368.47265625
G0600050,805.384521484375
G0601090,1703.6748046875
G0600730,431.2890625
G0600890,969.10498046875
G0600030,2364.623291015625
G0600450,556.1270751953125
G0600270,1268.163330078125
G0600870,265.4957580566406
G0600710,802.7496337890625
G0600850,378.2813415527344
G0600990,155.23846435546875
G0600930,1296.243408203125
G0600750,54.39784240722656
G0600470,118.8042984008789
G0601050,1155.854248046875
G0600430,1096.0050048828125
G0600790,464.9075012207031
G0600570,1251.1085205078125
G0600610,1137.274169921875
G0600190,985.21600341796875
G0600550,280.9167785644531
G0600010,255.24261474609375
G0601130,110.22086334228516
G0600290,724.106201171875
G0600170,1292.175537109375
G0600150,646.15228271484375
G0600330,728.56988525390625
G0601010,24.31023406982422
G0600410,130.4415283203125
G0600770,49.93307876586914
G0600130,147.58164978027344
G0601030,654.99700927734375
G0800710,1830.57568359375
G0800850,2124.474853515625
G0800370,2761.10302734375
G0800150,3041.446044921875
G0801170,3190.705078125
G0801230,1514.634521484375
G0801030,2202.5869140625
G0800630,1347.1832275390625
G0801090,2833.03173828125
G0800350,2088.411376953125
G0800950,1163.1290283203125
G0800530,3304.083251953125
G0800910,2748.73291015625
G0800230,2593.765380859375
G0800490,2824.044677734375
G0800290,2129.439208984375
G0800610,1269.2545166015625
G0800450,2411.760498046875
G0801210,1346.9317626953125
G0800990,1160.63427734375
G0800050,1455.755126953125
G0800070,2504.56494140625
G0800550,2272.238525390625
G0800330,2544.15576171875
G0801150,1143.1407470703125
G0800590,2190.78271484375
G0800130,2245.859130859375
G0800830,2081.268798828125
G0801010,1592.6490478515625
G0800890,1369.45361328125
G0800730,1564.752197265625
G0800930,2963.800537109375
G0800410,2126.13671875
G0800870,1371.801513671875
G0800170,1327.3631591796875
G0801250,1176.63232421875
G0801050,2876.127197265625
G0800970,3040.45556640625
G0800430,2315.3447265625
G0800390,1819.2386474609375
G0800510,2907.645263671875
G0801130,2424.22705078125
G0801110,3470.76611328125
G0800190,3171.836669921875
G0800690,2494.729248046875
G0801070,2196.97900390625
G0800470,2860.81640625
G0800110,1260.5126953125
G0800270,2751.52734375
G0800090,1310.9263916015625
G0800670,2439.79052734375
G0800210,2695.198486328125
G0800750,1277.904052734375
G0800770,2093.07177734375
G0800650,3329.396240234375
G0900030,95.965057373046875
G0900110,74.282012939453125
G0900050,278.2380676269531
G0900090,92.59717559814453
G0900130,176.11700439453125
G0900010,114.47108459472656
G0900070,84.17448425292969
G0900150,142.55032348632812
G1000010,11.69968032836914
G1000050,9.638712882995605
G1000030,28.220884323120117
G1100010,43.730716705322266
G1200370,4.105218410491943
G1200310,9.780948638916016
G1200770,22.538986206054688
G1201010,21.66184425354004
G1200030,39.46337890625
G1200250,3.030325174331665
G1200890,11.211993217468262
G1201090,6.000871658325195
G1200530,21.870662689208984
G1200670,12.619590759277344
G1200650,28.015214920043945
G1200590,38.09032440185547
G1200330,37.190574645996094
G1200130,17.83418846130371
G1200970,18.26335906982422
G1200170,15.123198509216309
G1201270,7.501509189605713
G1201210,27.422378540039062
G1200730,31.80054473876953
G1201070,15.766206741333008
G1200090,6.796665668487549
G1200230,35.26521301269531
G1201130,37.975589752197266
G1201330,21.150012969970703
G1200950,20.351037979125977
G1201190,21.61712074279785
G1200830,24.39842414855957
G1201050,35.60963439941406
G1200750,11.277480125427246
G1200070,41.46086883544922
G1200190,27.83065414428711
G1200870,0.27411067485809326
G1201230,12.401106834411621
G1200570,15.966314315795898
G1200630,39.208717346191406
G1200790,30.885215759277344
G1200810,12.793828964233398
G1201290,10.03113079071045
G1200010,28.09554672241211
G1200390,58.75813293457031
G1201310,46.14320373535156
G1200690,24.553897857666016
G1200710,4.4342451095581055
G1200470,36.04096603393555
G1200270,16.697458267211914
G1301410,145.61553955078125
G1300190,74.40594482421875
G1303150,91.38202667236328
G1302090,64.567779541015625
G1302110,184.55601501464844
G1300470,259.24041748046875
G1302930,201.8546600341797
G1301590,174.75999450683594
G1302670,47.54365921020508
G1300390,4.142353534698486
G1302810,777.36285400390625
G1301570,248.74867248535156
G1301190,238.74624633789062
G1302070,175.31964111328125
G1302350,93.76274108886719
G1302210,184.35194396972656
G1303010,150.71176147460938
G1301630,100.54961395263672
G1302630,190.76600646972656
G1302850,220.6302947998047
G1300350,190.23348999023438
G1300850,452.2555847167969
G1300450,324.4053039550781
G1301130,260.9151916503906
G1300770,256.40380859375
G1302290,33.907135009765625
G1300930,105.9669189453125
G1302730,101.24401092529297
G1300070,50.95268630981445
G1301370,443.2611389160156
G1301170,348.7004089355469
G1302050,65.97570037841797
G1302430,118.40991973876953
G1302310,242.33444213867188
G1300690,67.647857666015625
G1300570,326.70660400390625
G1301890,135.5328826904297
G1301390,346.5650634765625
G1302910,717.3033447265625
G1302450,89.43450164794922
G1303130,257.4933776855469
G1301250,130.0869903564453
G1300990,65.19754791259766
G1301450,211.08506774902344
G1301470,228.55653381347656
G1301950,216.97251892089844
G1301430,353.16583251953125
G1300370,74.17024230957031
G1301790,14.275964736938477
G1300650,49.29638671875
G1300550,268.06854248046875
G1302170,213.68402099609375
G1301330,171.67572021484375
G1303190,100.06250762939453
G1300950,61.689430236816406
G1302710,62.864532470703125
G1301210,281.6972961425781
G1302970,248.6556396484375
G1302490,148.20277404785156
G1300870,52.32630920410156
G1302590,127.16002655029297
G1302015,316.29058837890625
G1300670,303.0038146972656
G1303050,24.612829208374023
G1300150,259.1431579589844
G1302370,148.24456787109375
G1301930,114.32247924804688
G1302470,240.6653594970703
G1300510,2.9070496559143066
G1300210,117.51056671142578
G1301810,121.85940551757812
G1303210,101.1629867553711
G1300830,393.4564208984375
G1300490,28.83452033996582
G1303030,110.89257049560547
G1300630,268.5917663574219
G1300110,264.9449462890625
G1301770,80.6114730834961
G1301550,95.605377197265625
G1300290,12.819561004638672
G1301690,149.93218994140625
G1302130,331.43316650390625
G1300330,76.97872161865234
G1301510,237.93600463867188
G1302190,210.22366333007812
G1300890,280.01885986328125
G1302550,248.03359985351562
G1301870,508.5404968261719
G1301050,169.817138671875
G1301530,117.91200256347656
G1300310,50.6439323425293
G1300010,54.708709716796875
G1302750,64.810333251953125
G1301750,81.01188659667969
G1300590,213.09580993652344
G1301270,2.9687259197235107
G1302010,49.66162109375
G1303110,541.99169921875
G1302610,115.82102966308594
G1300970,304.969970703125
G1300790,146.3856658935547
G1302950,331.2352600097656
G1301490,255.87803649902344
G1300910,87.27842712402344
G1302990,41.23848342895508
G1300710,85.0905990600586
G1302650,163.26202392578125
G1302410,698.7388916015625
G1300270,53.62124252319336
G1302510,46.75702667236328
G1301850,53.87678909301758
G1301110,645.8536376953125
G1302890,119.14161682128906
G1301670,94.40702056884766
G1302390,102.5779037475586
G1301230,555.89898681640625
G1300610,89.30074310302734
G1301350,301.5830383300781
G1300730,112.1303939819336
G1301070,74.350372314453125
G1302150,118.99764251708984
G1301970,171.45628356933594
G1300530,123.17552185058594
G1301010,42.857765197753906
G1301030,22.069368362426758
G1302230,316.1159973144531
G1303070,138.77835083007812
G1301990,250.84005737304688
G1301150,224.79168701171875
G1302330,279.17974853515625
G1301910,3.1652424335479736
G1302270,428.80224609375
G1302690,156.2388153076172
G1300090,119.18926239013672
G1300395,270.0521240234375
G1301290,231.08204650878906
G1303170,152.9051971435547
G1600635,1401.504638671875
G1600110,1775.4866943359375
G1600490,1685.0277099609375
G1600590,2122.392578125
G1600710,1680.517822265625
G1600730,1443.9554443359375
G1600010,855.3743896484375
G1600370,2310.590576171875
G1600790,1246.5030517578125
G1600150,1680.55859375
G1600550,1012.5932006835938
G1600310,1562.223876953125
G1600570,895.24017333984375
G1600870,1243.1717529296875
G1600690,874.97637939453125
G1600035,2101.156005859375
G1600070,2068.37646484375
G1600390,1480.463134765625
G1700390,220.08218383789062
G1700570,183.47959899902344
G1701850,130.5325469970703
G1701230,201.46173095703125
G1701970,201.60885620117188
G1700190,216.34974670410156
G1701110,265.6536865234375
G1701190,157.20343017578125
G1700930,199.1571807861328
G1701950,199.75328063964844
G1701010,137.6698760986328
G1700770,138.47586059570312
G1701290,175.31251525878906
G1700490,176.4466094970703
G1700050,163.61044311523438
G1700630,177.65130615234375
G1700590,117.76436614990234
G1701590,145.24794006347656
G1701890,147.7353515625
G1700910,197.1734161376953
G1701250,153.3690948486328
G1701450,141.06642150878906
G1700670,194.85374450683594
G1701510,154.30323791503906
G1700370,252.8080596923828
G1700690,145.07577514648438
G1701410,247.63763427734375
G1700310,201.1368408203125
G1700650,133.25833129882812
G1700710,195.37539672851562
G1702010,244.13406372070312
G1701750,219.81813049316406
G1700010,199.2444610595703
G1701550,183.73681640625
G1700270,138.36500549316406
G1701770,264.9710693359375
G1700810,149.34910583496094
G1701030,240.70423889160156
G1701990,141.6098175048828
G1701330,157.12840270996094
G1701730,194.68763732910156
G1700210,188.63917541503906
G1700950,218.57528686523438
G1700410,201.12745666503906
G1700290,207.04600524902344
G1701470,211.86338806152344
G1701070,182.37017822265625
G1701430,198.3538360595703
G1701810,152.1603240966797
G1700890,247.46258544921875
G1701370,188.1627960205078
G1700990,199.50827026367188
G1700550,132.29803466796875
G1700350,184.5931396484375
G1701050,208.19944763183594
G1701910,132.64268493652344
G1701690,177.82998657226562
G1701570,142.42416381835938
G1700470,133.83908081054688
G1701350,194.42263793945312
G1700450,202.82412719726562
G1700110,214.03775024414062
G1700430,221.9806365966797
G1701790,187.93824768066406
G1701830,207.4057159423828
G1700150,233.8559112548828
G1701710,163.76856994628906
G1701390,202.87229919433594
G1701090,203.0126953125
G1701130,233.80010986328125
G1701610,202.3212432861328
G1700750,203.07675170898438
G1700130,168.71652221679688
G1700510,168.73365783691406
G1701670,182.91217041015625
G1700730,216.32762145996094
G1701310,207.46893310546875
G1700530,227.75587463378906
G1700610,165.633544921875
G1702030,216.3837890625
G1701210,162.9544677734375
G1700830,176.46250915527344
G1701270,117.79669189453125
G1701630,143.53826904296875
G1701930,122.00946044921875
G1700970,225.11715698242188
G1701530,110.14144134521484
G1701170,190.9980926513672
G1700170,163.92970275878906
G1700250,148.43211364746094
G1700090,190.84417724609375
G1700870,152.55030822753906
G1701150,203.4357147216797
G1700030,117.88922119140625
G1700850,254.5025177001953
G1700230,178.30921936035156
G1701870,218.57679748535156
G1700070,262.8766784667969
G1701490,183.13052368164062
G1700790,161.19049072265625
G1701650,126.96495819091797
G1700330,152.78549194335938
G1801110,204.56362915039062
G1800870,279.3516845703125
G1800390,252.6608123779297
G1801050,221.99411010742188
G1800630,264.8410339355469
G1800250,201.5759735107422
G1800210,185.4392852783203
G1801830,264.8255310058594
G1801290,123.5390853881836
G1801170,207.83889770507812
G1801090,219.96826171875
G1800590,271.3026428222656
G1800550,180.53500366210938
G1800110,279.553466796875
G1800910,222.91470336914062
G1801150,221.74658203125
G1800970,239.08883666992188
G1800670,252.15423583984375
G1801390,297.4553527832031
G1800130,231.53656005859375
G1800790,215.25601196289062
G1801310,213.31756591796875
G1800170,223.35887145996094
G1800750,282.458251953125
G1801470,132.12881469726562
G1801370,285.5414123535156
G1800610,209.9864501953125
G1800410,295.1001281738281
G1801610,298.9957580566406
G1800990,244.71343994140625
G1800090,272.9012756347656
G1800230,260.2625427246094
G1800150,208.7383575439453
G1801070,243.62791442871094
G1801590,267.96044921875
G1801130,284.600341796875
G1800290,244.02560424804688
G1800270,151.96499633789062
G1801190,205.8707733154297
G1801250,147.17431640625
G1800830,140.02003479003906
G1801730,133.15748596191406
G1801230,169.506591796875
G1800330,270.4988708496094
G1801750,231.22035217285156
G1801510,305.2041015625
G1801530,154.51939392089844
G1801210,196.26832580566406
G1801430,188.13528442382812
G1801710,208.82217407226562
G1800690,248.3406982421875
G1801270,212.40281677246094
G1800730,207.57423400878906
G1801330,241.66439819335938
G1801770,319.4741516113281
G1800650,320.7345275878906
G1800450,200.722900390625
G1800310,275.2403259277344
G1801550,231.8120880126953
G1800190,187.68722534179688
G1800030,243.9624786376953
G1801810,211.388671875
G1800710,189.05487060546875
G1800510,134.60755920410156
G1800810,233.9021759033203
G1800050,206.34019470214844
G1800950,267.762451171875
G1801030,237.99366760253906
G1800770,232.25363159179688
G1801650,178.4527130126953
G1801570,207.76023864746094
G1801410,235.94195556640625
G1800530,262.027587890625
G1801690,242.25889587402344
G1801450,239.85427856445312
G1800350,286.9908447265625
G1800930,201.0292205810547
G1801010,178.444091796875
G1800370,163.3590087890625
G1800010,252.27349853515625
G1801350,331.33148193359375
G1800570,259.2607116699219
G1800850,261.8656005859375
G1800070,230.6377410888672
G1800890,201.06674194335938
G1800430,222.14761352539062
G1801630,129.1549835205078
G1800470,277.8919372558594
G1801490,213.67898559570312
G1800490,240.03018188476562
G1801670,165.00193786621094
G1801790,255.49647521972656
G1900490,302.66168212890625
G1900010,388.4241027832031
G1900650,335.52679443359375
G1900630,397.2917175292969
G1901070,235.2530517578125
G1901090,358.05389404296875
G1901590,348.9203796386719
G1900150,323.0621032714844
G1901110,197.10333251953125
G1901530,275.8823547363281
G1900130,279.8409729003906
G1900530,318.9226379394531
G1900370,343.4700012207031
G1901910,347.88739013671875
G1901470,384.2719421386719
G1901950,373.2295227050781
G1900690,354.00982666015625
G1900710,311.5404357910156
G1901650,401.4962158203125
G1900310,237.47824096679688
G1901290,331.7838134765625
G1900210,413.3470458984375
G1900390,332.1889343261719
G1900730,333.7334899902344
G1900750,311.7405700683594
G1900070,291.1989440917969
G1900330,357.7764892578125
G1901830,221.34127807617188
G1901970,356.8279113769531
G1900410,419.15985107421875
G1901050,267.6141052246094
G1901350,271.54547119140625
G1901750,368.5473327636719
G1901190,430.4312438964844
G1901170,299.77001953125
G1900110,268.1719970703125
G1901030,225.8421630859375
G1900610,293.248046875
G1900970,246.14051818847656
G1901570,277.9140319824219
G1901490,403.2860412597656
G1901230,241.9754638671875
G1901510,375.98687744140625
G1901310,363.76239013671875
G1901790,233.82424926757812
G1900890,381.76416015625
G1900430,297.5177307128906
G1901810,276.59832763671875
G1901410,441.1504211425781
G1900050,303.8616027832031
G1901710,285.5814514160156
G1901930,373.8325500488281
G1901670,416.9866638183594
G1900670,327.20672607421875
G1901210,325.1157531738281
G1901130,258.79766845703125
G1900250,363.2025146484375
G1900510,252.41773986816406
G1901330,353.0390930175781
G1901010,223.22286987304688
G1900590,441.7978820800781
G1900830,335.2040100097656
G1900870,210.9692840576172
G1900470,411.6724548339844
G1900910,346.6438293457031
G1900810,372.0580749511719
G1901850,319.4059753417969
G1901770,215.1921844482422
G1900570,204.98828125
G1901730,361.42730712890625
G1900170,307.8935241699219
G1901370,353.2630310058594
G1901250,254.93370056152344
G1900850,354.32916259765625
G1900190,300.433349609375
G1901870,343.20599365234375
G1900550,308.0669860839844
G1900230,302.37890625
G1900930,412.16375732421875
G1901550,358.8910827636719
G1901150,194.1683349609375
G1900290,383.0723571777344
G1900090,417.06365966796875
G1900950,248.95913696289062
G1901690,307.06689453125
G1900030,371.798828125
G1900450,219.1106414794922
G1901610,399.8710021972656
G1901430,466.1462097167969
G1900270,394.08380126953125
G1901630,215.5479736328125
G1901270,300.4490051269531
G1900770,365.02252197265625
G1901390,203.6822967529297
G1900790,340.31768798828125
G1901890,376.9261169433594
G1901450,331.984375
G1900350,414.0457763671875
G1900990,272.1856689453125
G2101030,238.62786865234375
G2100330,152.9764404296875
G2100790,283.07098388671875
G2101450,115.3729248046875
G2101750,299.6814880371094
G2100590,128.67750549316406
G2101870,238.39015197753906
G2101330,530.19317626953125
G2101630,194.79751586914062
G2100130,514.4677734375
G2100630,283.6561584472656
G2101590,296.20977783203125
G2100990,214.96499633789062
G2102050,302.9477844238281
G2101350,269.1221923828125
G2100430,265.1441955566406
G2100210,294.58343505859375
G2100450,311.1179504394531
G2100350,150.62612915039062
G2100490,275.0328369140625
G2101170,236.3660430908203
G2101290,291.6933288574219
G2100730,225.35536193847656
G2102270,174.5910186767578
G2100810,248.86056518554688
G2102070,275.93731689453125
G2101370,323.9893493652344
G2101950,400.3981018066406
G2100370,209.6420135498047
G2101050,113.33745574951172
G2101810,259.9568176269531
G2101150,273.9886169433594
G2102090,267.0462951660156
G2101890,318.2488708496094
G2100550,145.29434204101562
G2102170,258.525146484375
G2100030,213.94125366210938
G2100390,117.28340911865234
G2100190,226.03541564941406
G2102290,234.5122528076172
G2102210,148.40650939941406
G2100770,202.77699279785156
G2101910,224.19338989257812
G2100750,100.55438995361328
G2102110,240.37408447265625
G2100090,223.20028686523438
G2101210,384.1689453125
G2102030,353.6358337402344
G2100850,194.9595489501953
G2100890,231.87103271484375
G2100150,229.1085662841797
G2101090,372.39306640625
G2102150,201.78732299804688
G2101850,216.9188690185547
G2101670,257.0086669921875
G2101770,144.6247100830078
G2100570,234.0703582763672
G2100710,321.54205322265625
G2100170,270.8518371582031
G2102350,372.273681640625
G2100070,112.98699951171875
G2102310,331.3504333496094
G2100410,199.31790161132812
G2100950,650.0999755859375
G2102230,226.19740295410156
G2101430,133.53274536132812
G2100510,365.59130859375
G2101390,128.0215606689453
G2101230,238.78509521484375
G2101610,253.4835968017578
G2101410,181.6964569091797
G2101270,251.98178100585938
G2100530,299.0283508300781
G2100930,218.1917266845703
G2101250,351.45831298828125
G2102130,205.20022583007812
G2100290,175.97169494628906
G2100650,276.7517395019531
G2100670,288.9978942871094
G2100910,151.4371337890625
G2101530,333.07073974609375
G2101930,399.2957763671875
G2101070,133.36480712890625
G2101110,171.8350067138672
G2101970,280.0608825683594
G2100010,260.480224609375
G2100610,192.79966735839844
G2101010,121.33560943603516
G2100250,325.3598327636719
G2102010,239.30938720703125
G2100310,155.49241638183594
G2100690,262.8983459472656
G2100110,259.75787353515625
G2101310,447.6161804199219
G2100270,189.4274444580078
G2102190,190.21316528320312
G2101830,147.09567260742188
G2101490,125.06519317626953
G2102250,120.95539093017578
G2101650,324.3415222167969
G2101190,414.8541564941406
G2101730,283.9300537109375
G2101510,273.0347900390625
G2100870,217.67941284179688
G2100830,141.76210021972656
G2101570,126.70929718017578
G2101690,259.2360534667969
G2102330,129.80699157714844
G2102390,253.9307861328125
G2101130,271.658935546875
G2101790,196.8990478515625
G2101550,241.34376525878906
G2102370,325.9040222167969
G2100470,172.80496215820312
G2100050,238.05950927734375
G2101710,253.87664794921875
G2100970,245.29331970214844
G2100230,241.78591918945312
G2101990,315.5972900390625
G2201190,69.79878234863281
G2200950,0.8351399898529053
G2201110,43.53095245361328
G2200050,2.899404287338257
G2200550,8.639495849609375
G2200710,-0.09940703958272934
G2200730,30.93887710571289
G2201270,49.19614028930664
G2200150,64.28899383544922
G2201170,60.27860641479492
G2200750,-0.1744820922613144
G2201230,29.93442153930664
G2200090,14.86660099029541
G2200010,7.668189525604248
G2200930,1.621909499168396
G2200490,65.52098083496094
G2200910,61.324951171875
G2200630,9.32083797454834
G2200670,28.46354103088379
G2200130,73.16045379638672
G2200190,18.402605056762695
G2200250,28.510347366333008
G2201090,0.06347435712814331
G2200370,61.64986038208008
G2200770,8.561400413513184
G2200510,-0.10305242240428925
G2200690,51.19210433959961
G2200990,3.1330196857452393
G2200410,21.251304626464844
G2201130,1.166625738143921
G2201050,34.850399017333984
G2201030,13.454782485961914
G2200970,15.36228084564209
G2200310,74.60930633544922
G2200350,27.624238967895508
G2201010,0.6703958511352539
G2200070,1.2664625644683838
G2200570,0.20860210061073303
G2200470,3.1106138229370117
G2200890,0.33696722984313965
G2201150,75.24732971191406
G2200610,68.42903137207031
G2200430,41.687076568603516
G2200450,1.655810832977295
G2200210,35.44431686401367
G2200290,14.718140602111816
G2200870,0.09715624153614044
G2200230,0.15699732303619385
G2200270,81.73909759521484
G2200790,37.388511657714844
G2200330,18.696918487548828
G2200830,22.611047744750977
G2200650,23.539188385009766
G2201070,20.84989356994629
G2200850,76.57146453857422
G2200170,65.85093688964844
G2201250,41.93024826049805
G2200810,49.78694152832031
G2201210,5.497030735015869
G2300070,470.8619689941406
G2300170,362.4909973144531
G2300050,86.62389373779297
G2300270,105.45790100097656
G2300310,92.53820037841797
G2300130,61.82813262939453
G2300090,81.0539779663086
G2300010,103.27339172363281
G2300150,44.3299446105957
G2300250,356.9152526855469
G2300210,324.4661865234375
G2300110,86.81584167480469
G2300190,130.664794921875
G2300030,259.6050720214844
G2300230,39.34949493408203
G2300290,80.04437255859375
G2400190,3.0989251136779785
G2400210,183.38037109375
G2400350,14.126757621765137
G2400270,135.9008331298828
G2400290,13.588325500488281
G2400130,198.46737670898438
G2400250,93.37849426269531
G2400470,6.576030254364014
G2400450,9.243117332458496
G2400150,51.44711685180664
G2400370,22.35685157775879
G2400230,750.8299560546875
G2400330,45.76897048950195
G2400030,26.33352279663086
G2400110,13.361228942871094
G2400170,33.7099609375
G2400090,24.335739135742188
G2400310,123.79988098144531
G2400410,8.111529350280762
G2400390,2.900832414627075
G2400430,194.030029296875
G2400050,124.41820526123047
G2405100,48.2722282409668
G2400010,379.8896484375
G2500010,16.69312858581543
G2500070,16.061931610107422
G2500230,23.88496208190918
G2500090,26.109777450561523
G2500030,429.2560729980469
G2500270,216.4314727783203
G2500110,264.38751220703125
G2500210,56.99911880493164
G2500190,7.805264472961426
G2500150,223.25135803222656
G2500170,68.853179931640625
G2500050,29.82587432861328
G2500250,16.347665786743164
G2500130,196.0153350830078
G2600735,239.3144989013672
G2600110,204.80349731445312
G2600350,320.41961669921875
G2600170,189.25120544433594
G2601210,202.80145263671875
G2601130,368.8573303222656
G2601550,240.9866180419922
G2601110,203.39791870117188
G2600490,240.63229370117188
G2600510,238.67893981933594
G2601390,199.53329467773438
G2600130,409.4527587890625
G2601070,308.2803955078125
G2601650,357.72064208984375
G2600450,272.39227294921875
G2600690,223.32044982910156
G2601590,225.90740966796875
G2601090,261.43060302734375
G2600330,219.0492401123047
G2600150,268.68353271484375
G2601150,193.7674560546875
G2600850,293.38275146484375
G2601010,238.803466796875
G2601250,283.7353210449219
G2601015,203.3173370361328
G2600370,234.95660400390625
G2600750,299.4651794433594
G2601530,223.14279174804688
G2600030,262.4200744628906
G2600270,256.7471008300781
G2600590,323.3743591308594
G2601170,269.521484375
G2601610,268.20635986328125
G2601470,212.4188232421875
G2601290,309.3926086425781
G2600570,222.54156494140625
G2600410,222.97824096679688
G2601350,345.35174560546875
G2600950,235.48243713378906
G2600770,268.3639831542969
G2600550,272.30352783203125
G2600710,448.7915954589844
G2601490,259.9156188964844
G2600730,260.8920593261719
G2600230,293.497802734375
G2600890,227.96786499023438
G2601410,226.68826293945312
G2600090,272.6476135253906
G2601330,357.0660095214844
G2600830,268.235107421875
G2601230,266.1759033203125
G2600310,228.51512145996094
G2601310,343.0373229980469
G2600390,368.945556640625
G2600290,245.83558654785156
G2601050,209.98370361328125
G2601190,291.3750305175781
G2600210,210.29005432128906
G2600630,208.84376525878906
G2600910,251.15615844726562
G2600990,206.15719604492188
G2601630,195.47683715820312
G2600610,310.18011474609375
G2600530,450.8823547363281
G2601510,233.53048706054688
G2601430,356.64825439453125
G2601270,231.07154846191406
G2600650,277.9259948730469
G2600870,263.82403564453125
G2600790,338.54779052734375
G2601370,371.5700988769531
G2601030,392.598876953125
G2600070,222.00035095214844
G2600050,217.0623321533203
G2600810,241.6668243408203
G2600970,218.12632751464844
G2600010,253.43983459472656
G2600190,237.1222686767578
G2601570,217.52342224121094
G2600250,285.555419921875
G2600930,282.9540710449219
G2600670,243.58465576171875
G2601450,190.3726043701172
G2600470,240.75599670410156
G2701430,304.5765686035156
G2700850,316.5799560546875
G2700930,342.3370361328125
G2700350,382.26025390625
G2700650,329.33709716796875
G2701110,412.5834655761719
G2701270,326.5616455078125
G2701690,328.66943359375
G2701330,469.08709716796875
G2700510,348.313232421875
G2700270,313.0975036621094
G2700690,302.104248046875
G2701010,485.7384948730469
G2700730,325.0516052246094
G2701670,302.8132629394531
G2701530,404.0876159667969
G2701290,323.1443786621094
G2700090,341.170654296875
G2701150,327.00201416015625
G2701730,342.6156005859375
G2701170,523.6029052734375
G2700590,289.1898193359375
G2700010,385.5192565917969
G2700470,380.9832458496094
G2700890,312.9752197265625
G2700210,411.606689453125
G2701450,364.96343994140625
G2700310,495.85333251953125
G2700030,274.8577575683594
G2701590,411.2652587890625
G2700070,378.2799377441406
G2700410,419.5773010253906
G2701470,369.37579345703125
G2700430,339.76312255859375
G2700150,310.89312744140625
G2701370,419.44500732421875
G2700490,318.5669860839844
G2700390,382.09552001953125
G2701070,344.9482421875
G2701510,325.00091552734375
G2700170,362.5317077636719
G2700950,359.9813537597656
G2701190,319.1244812011719
G2700750,477.5790710449219
G2700790,308.22357177734375
G2700670,355.16424560546875
G2701570,303.6920166015625
G2701550,318.5497741699219
G2700130,304.1998291015625
G2701710,303.79278564453125
G2700530,279.1692199707031
G2700450,362.6369323730469
G2700570,447.0258483886719
G2700610,391.3250732421875
G2700830,398.5852966308594
G2700230,315.02142333984375
G2701050,486.79486083984375
G2701410,297.27996826171875
G2700970,372.1574401855469
G2700910,366.9607238769531
G2700370,278.4691467285156
G2700330,412.2608337402344
G2701030,295.0029602050781
G2700990,395.9986877441406
G2701210,385.40997314453125
G2700190,290.7148132324219
G2701390,284.3740539550781
G2700050,440.5585632324219
G2700810,518.2646484375
G2701490,343.80462646484375
G2700110,334.48974609375
G2701650,333.5313415527344
G2700550,302.9950866699219
G2701610,339.3540344238281
G2701230,274.70458984375
G2701310,329.93798828125
G2701630,279.7420959472656
G2701090,356.3279113769531
G2700250,276.13525390625
G2700630,435.7354431152344
G2800170,101.6226577758789
G2801510,33.933616638183594
G2800890,85.03923034667969
G2801370,92.543212890625
G2800910,87.3064193725586
G2800510,70.58770751953125
G2801530,75.338287353515625
G2800450,18.46760368347168
G2801030,71.40718841552734
G2800250,75.62614440917969
G2801170,132.44638061523438
G2800930,131.00509643554688
G2800190,142.8526153564453
G2801130,108.71843719482422
G2801350,57.638431549072266
G2800950,86.33888244628906
G2800670,78.46170806884766
G2800030,147.92694091796875
G2801490,47.7214241027832
G2801190,48.2490348815918
G2800850,130.2748260498047
G2800630,80.467498779296875
G2800290,102.16697692871094
G2801110,60.91429138183594
G2800110,42.398921966552734
G2800750,115.47456359863281
G2801070,86.5270767211914
G2801390,156.82432556152344
G2800090,151.53492736816406
G2801150,122.33702850341797
G2801550,125.54304504394531
G2800690,104.43765258789062
G2800150,94.529937744140625
G2800870,66.86112213134766
G2801090,62.86391067504883
G2800430,74.9604721069336
G2801250,29.07579803466797
G2800210,55.0541877746582
G2800990,143.60203552246094
G2801010,131.43899536132812
G2801590,141.13809204101562
G2800330,88.162384033203125
G2800310,107.6739273071289
G2801430,56.07102584838867
G2801610,98.06981658935547
G2800050,106.2682113647461
G2801630,54.31989669799805
G2800270,49.74294662475586
G2800470,36.81510543823242
G2800550,28.557567596435547
G2801330,37.662994384765625
G2800410,52.43996047973633
G2800970,112.68070220947266
G2800590,19.92808723449707
G2801410,159.5718536376953
G2800830,37.84883117675781
G2800570,113.95561218261719
G2800490,79.87762451171875
G2801210,109.21086120605469
G2800790,123.633056640625
G2800070,123.4659652709961
G2801450,124.98445129394531
G2800370,96.86521911621094
G2800810,100.80121612548828
G2800010,54.16605758666992
G2801050,92.32830047607422
G2800710,116.66764831542969
G2800230,96.16361999511719
G2800610,115.95207214355469
G2800770,100.66400146484375
G2801270,117.08881378173828
G2801290,118.55625915527344
G2800130,100.0687255859375
G2801570,67.28907775878906
G2801230,128.0843505859375
G2901950,219.56207275390625
G2902110,282.8215026855469
G2901470,320.0018310546875
G2902210,285.9977111816406
G2900290,264.9862976074219
G2900890,216.705078125
G2901530,277.3358154296875
G2901450,347.95989990234375
G2900250,271.7702941894531
G2900930,326.7742004394531
G2900190,235.64785766601562
G2902250,434.5689697265625
G2900510,210.80059814453125
G2902170,252.09156799316406
G2901670,318.8725891113281
G2900210,283.91058349609375
G2901010,252.43026733398438
G2900010,272.65472412109375
G2902010,104.63969421386719
G2900850,289.00054931640625
G2900670,348.4761962890625
G2901750,241.81793212890625
G2901890,167.0970458984375
G2902270,314.7210388183594
G2901650,272.70318603515625
G2900530,226.37112426757812
G2901630,203.88455200195312
G2900910,324.45379638671875
G2902090,349.1455078125
G2900430,381.1424865722656
G2902230,174.98634338378906
G2901130,184.4768829345703
G2901870,281.26568603515625
G2901770,253.19337463378906
G2901270,189.64195251464844
G2900710,205.11961364746094
G2900730,236.32595825195312
G2901790,288.14373779296875
G2900050,304.01434326171875
G2900690,81.82392883300781
G2902030,297.7738342285156
G2901170,232.52613830566406
G2900310,139.24667358398438
G2900970,303.53094482421875
G2900630,293.5062561035156
G2900590,336.0782470703125
G2901030,235.91012573242188
G2901570,167.17605590820312
G2901810,158.76235961914062
G2901550,79.833953857421875
G2901590,253.0223846435547
G2900150,262.578857421875
G2900950,271.0924377441406
G2902050,229.17691040039062
G2901970,272.1930847167969
G2901730,204.83242797851562
G2901490,235.42340087890625
G2901210,250.62356567382812
G2902190,217.11483764648438
G2901610,305.1573791503906
G2901150,245.9990234375
G2901430,86.7435073852539
G2900990,190.17959594726562
G2900770,374.68341064453125
G2900490,301.0004577636719
G2900550,283.8639221191406
G2900650,361.51995849609375
G2901990,230.7913055419922
G2900470,268.89617919921875
G2900450,196.17930603027344
G2900610,265.5140686035156
G2902070,103.56401824951172
G2900090,403.7930908203125
G2902150,382.12774658203125
G2901110,192.75852966308594
G2900790,254.43714904785156
G2900390,276.84552001953125
G2901310,241.102294921875
G2902130,296.4907531738281
G2901370,222.29014587402344
G2901050,349.1629333496094
G2900750,289.72576904296875
G2900870,285.68572998046875
G2900410,212.36941528320312
G2900170,179.68492126464844
G2901090,380.2424621582031
G2901850,251.17723083496094
G2905100,146.9759979248047
G2900350,220.69557189941406
G2900810,296.86077880859375
G2900070,242.63636779785156
G2901350,242.09580993652344
G2900330,224.57571411132812
G2901860,209.19981384277344
G2901690,302.0793151855469
G2900570,313.2046813964844
G2901330,93.45442962646484
G2900130,257.132568359375
G2902290,407.8497009277344
G2900110,290.0025939941406
G2901290,292.69268798828125
G2901830,163.2677459716797
G2901230,245.06375122070312
G2900270,232.08270263671875
G2900830,243.0544891357422
G2900030,299.1611022949219
G2901190,338.11920166015625
G2900230,114.29779052734375
G2901510,219.51820373535156
G2901390,224.3818359375
G2901410,270.2206115722656
G2901250,271.5396728515625
G2901070,242.40525817871094
G2901710,294.13739013671875
G2900370,278.012939453125
G3001110,1120.686279296875
G3000930,2040.8321533203125
G3000490,1567.6312255859375
G3000210,773.713623046875
G3000670,2040.97509765625
G3000010,2141.280517578125
G3000590,1671.310546875
G3000270,1147.8800048828125
G3000230,1786.2901611328125
G3000430,1706.4158935546875
G3000170,1055.89013671875
G3000630,1440.2843017578125
G3000570,2050.86181640625
G3000310,1944.4810791015625
G3000130,1261.392578125
G3000150,1062.6014404296875
G3200250,1759.40625
G3200230,1771.239990234375
G3200310,1648.600830078125
G3200190,1483.9410400390625
G3200010,1440.2822265625
G3200170,1343.88330078125
G3200090,1768.51025390625
G3200110,1890.286376953125
G3200330,2081.54931640625
G3200070,1873.7667236328125
G3200150,1827.2457275390625
G3200290,1710.3785400390625
G3200050,1809.12255859375
G3200130,1523.8623046875
G3300010,228.8964385986328
G3300170,129.22341918945312
G3300190,360.4905090332031
G3300150,78.019195556640625
G3300110,200.44046020507812
G3300030,311.54547119140625
G3300050,316.397216796875
G3300090,454.6279296875
G3300130,221.71121215820312
G3300070,567.5498046875
G3400410,184.86117553710938
G3400170,11.660224914550781
G3400010,13.26575756072998
G3400270,195.17996215820312
G3400090,3.357011079788208
G3400370,241.94741821289062
G3400390,37.42411804199219
G3400190,123.43695068359375
G3400070,27.36126708984375
G3400250,30.235984802246094
G3400130,72.33084869384766
G3400110,13.98263931274414
G3400330,15.775453567504883
G3400150,26.268529891967773
G3400050,20.218395233154297
G3400210,40.95809555053711
G3400030,62.20564270019531
G3400290,23.57279396057129
G3400230,24.444995880126953
G3400310,178.77406311035156
G3400350,60.50010299682617
G3600030,559.28662109375
G3600130,425.8187561035156
G3600650,274.7514953613281
G3600770,475.4867248535156
G3601110,339.8401184082031
G3600390,431.6532897949219
G3601170,130.67266845703125
G3601070,381.55560302734375
G3600270,163.68283081054688
G3600610,17.778879165649414
G3600150,396.650146484375
G3600990,190.72946166992188
G3600850,20.706178665161133
G3600490,395.8263244628906
G3600250,557.19482421875
G3601010,492.2441101074219
G3600550,150.25401306152344
G3600690,282.6934814453125
G3600410,606.89031982421875
G3600670,243.75262451171875
G3600230,451.16754150390625
G3600870,138.78414916992188
G3600170,442.5218811035156
G3600530,377.4542236328125
G3600290,285.685791015625
G3600430,467.59503173828125
G3600470,10.835488319396973
G3600830,249.94271850585938
G3600110,238.81385803222656
G3600350,372.6345520019531
G3600810,23.328039169311523
G3601050,432.02978515625
G3601130,384.1713562011719
G3600210,188.17164611816406
G3600790,196.96743774414062
G3600970,403.36126708984375
G3600010,238.31454467773438
G3600910,221.32366943359375
G3600370,258.11151123046875
G3600750,174.4796600341797
G3600890,246.8819580078125
G3600090,522.03070068359375
G3601030,21.619522094726562
G3601210,455.87384033203125
G3600510,323.47064208984375
G3600950,461.6303405761719
G3600330,425.7781982421875
G3601090,368.2613525390625
G3601150,181.5316619873047
G3601190,103.12690734863281
G3601230,322.1334228515625
G3600930,215.96475219726562
G3600570,220.45509338378906
G3600730,146.88938903808594
G3600630,141.12750244140625
G3600190,280.6709899902344
G3600710,190.66078186035156
G3600070,402.5442199707031
G3600450,165.37185668945312
G3600310,476.39996337890625
G3701710,372.7030029296875
G3701930,456.23883056640625
G3701430,3.527102470397949
G3701190,212.34349060058594
G3701770,0.8188549280166626
G3700770,130.5594940185547
G3700350,292.21881103515625
G3701410,10.610275268554688
G3701610,340.96380615234375
G3700810,237.9716796875
G3701590,226.60397338867188
G3700910,12.487651824951172
G3700730,8.585397720336914
G3701110,586.56561279296875
G3701130,941.9249267578125
G3701890,1026.4329833984375
G3701730,974.352294921875
G3701490,372.3398742675781
G3700850,76.37908172607422
G3701550,47.231712341308594
G3700690,94.5296630859375
G3701570,217.91131591796875
G3700890,740.11578369140625
G3701290,6.299600124359131
G3700510,59.2440185546875
G3700090,976.021728515625
G3701330,12.788769721984863
G3701010,59.071712493896484
G3700750,854.69805908203125
G3700570,227.54632568359375
G3700450,273.74261474609375
G3700790,24.491960525512695
G3701250,126.45494079589844
G3700630,114.75279998779297
G3700170,25.06710433959961
G3700310,3.8467857837677
G3701070,23.319305419921875
G3701810,118.78178405761719
G3701630,40.697853088378906
G3700070,102.67461395263672
G3701530,93.277069091796875
G3700950,0.9173121452331543
G3700530,1.6662120819091797
G3700010,186.1760711669922
G3700550,0.6683950424194336
G3700990,1029.678466796875
G3700190,11.730971336364746
G3701910,37.415958404541016
G3701310,29.238012313842773
G3701690,294.15093994140625
G3700970,271.1964416503906
G3701230,157.67788696289062
G3700870,1092.0784912109375
G3700590,232.64959716796875
G3700830,43.588035583496094
G3701870,3.9829208850860596
G3700670,261.5115051269531
G3701990,1021.03369140625
G3700610,28.90086555480957
G3700430,823.80572509765625
G3701170,14.48742389678955
G3701970,288.39691162109375
G3700470,20.506168365478516
G3700270,564.4678955078125
G3701090,267.2254638671875
G3701470,14.440698623657227
G3700490,7.459641933441162
G3700230,451.5595397949219
G3700210,816.49114990234375
G3700050,878.28338623046875
G3701150,813.622802734375
G3701270,58.70523452758789
G3701390,2.7280972003936768
G3700650,24.185232162475586
G3701850,93.4737548828125
G3700130,7.1769537925720215
G3701450,170.26039123535156
G3700410,5.6077680587768555
G3700370,130.75440979003906
G3701510,194.88720703125
G3700330,175.97412109375
G3700150,11.848913192749023
G3701370,3.664318323135376
G3700290,2.531087875366211
G3701830,100.44585418701172
G3700710,235.66482543945312
G3701350,177.6698455810547
G3700250,197.4974822998047
G3701030,13.687335968017578
G3700030,363.17791748046875
G3701950,39.85559844970703
G3701670,158.58311462402344
G3700390,643.6156005859375
G3701790,173.87486267089844
G3701210,1024.0872802734375
G3701750,869.82611083984375
G3800915,618.4429931640625
G3800170,306.76605224609375
G3800190,474.478515625
G3800790,547.65673828125
G3800810,379.956298828125
G3800990,343.19256591796875
G3800195,528.097900390625
G3800975,663.890869140625
G3800930,510.70965576171875
G3800350,311.3643493652344
G3800310,467.97491455078125
G3800950,475.2976379394531
G3801051,643.1907958984375
G3800270,464.392333984375
G3800531,716.26971435546875
G3800890,759.43865966796875
G3800973,508.84576416015625
G3800490,459.60797119140625
G3800910,388.45599365234375
G3800015,644.25091552734375
G3800290,574.39935302734375
G3800690,478.2419738769531
G3800411,789.03875732421875
G3800470,609.64862060546875
G3800970,288.4463806152344
G3800050,474.0931091308594
G3800030,423.8584289550781
G3800315,613.95806884765625
G3800111,897.09326171875
G3800611,658.10162353515625
G3800295,669.93975830078125
G3800590,646.05157470703125
G3800550,575.36688232421875
G3800390,442.21270751953125
G3800450,470.90313720703125
G3800650,623.801513671875
G3800831,586.53790283203125
G3800115,656.4891357421875
G3801010,565.45233154296875
G3800070,820.952392578125
G3800710,451.572509765625
G3800730,365.8634338378906
G3800751,507.1383361816406
G3800670,271.27301025390625
G3800210,468.5799560546875
G3800630,455.9861145019531
G3800430,565.15838623046875
G3800251,715.51788330078125
G3809975,613.13409423828125
G3800090,488.8949890136719
G3801030,514.48699951171875
G3800510,625.5115966796875
G3800770,313.3539733886719
G3800570,600.1195068359375
G3800150,576.22662353515625
G3901490,306.7586364746094
G3901450,240.9656219482422
G3901090,289.30865478515625
G3900950,193.43368530273438
G3901530,316.0743103027344
G3900530,222.6930694580078
G3901710,255.9204864501953
G3900930,241.07833862304688
G3900210,343.3343811035156
G3900070,275.73486328125
G3901330,334.3477783203125
G3901050,226.6742706298828
G3900830,340.1468505859375
G3900390,223.26568603515625
G3901670,249.77194213867188
G3900170,236.438720703125
G3900030,261.85052490234375
G3900330,309.9859924316406
G3901130,273.4820861816406
G3900690,212.29539489746094
G3901510,336.632080078125
G3900230,321.37841796875
G3901370,225.7826690673828
G3900430,204.4286346435547
G3900310,289.1422424316406
G3900570,296.9939880371094
G3900730,277.66815185546875
G3901310,254.4644012451172
G3901070,269.7413635253906
G3900550,353.2982482910156
G3901230,179.62939453125
G3901030,318.55810546875
G3900110,282.5696716308594
G3900750,330.5977478027344
G3900710,304.111083984375
G3901630,255.04788208007812
G3901730,205.6293487548828
G3901270,287.45208740234375
G3900350,265.4837341308594
G3900870,231.14785766601562
G3901210,291.8106384277344
G3900370,318.22186279296875
G3901610,239.7621612548828
G3901350,316.0981750488281
G3901190,271.8405456542969
G3900790,237.46258544921875
G3901410,254.74331665039062
G3900890,314.49859619140625
G3900670,334.7391052246094
G3901110,319.403564453125
G3901010,289.9504089355469
G3901590,304.2703552246094
G3900150,275.01025390625
G3900250,250.44483947753906
G3901650,257.5283203125
G3901150,270.2893981933594
G3900910,342.94586181640625
G3901290,239.1099395751953
G3900050,344.45794677734375
G3901390,365.3556823730469
G3900490,257.7415466308594
G3900270,312.98052978515625
G3900090,245.70567321777344
G3900510,225.57284545898438
G3900850,232.85958862304688
G3900190,344.113525390625
G3900810,329.65411376953125
G3901470,247.68153381347656
G3900290,347.958984375
G3901430,198.64715576171875
G3900650,299.4383239746094
G3900130,338.8865966796875
G3900590,290.1689758300781
G3900610,214.59629821777344
G3900970,306.44122314453125
G3900410,291.957763671875
G3900470,300.0435485839844
G3901170,355.8713073730469
G3900010,261.7216491699219
G3900770,271.0232849121094
G3900630,247.98484802246094
G3901550,296.3566589355469
G3901690,327.59698486328125
G3900990,332.6180419921875
G3900450,285.3272399902344
G3901570,309.71087646484375
G3901750,263.2023620605469
G3901250,221.68234252929688
G4100090,223.2174530029297
G4100590,793.80462646484375
G4100710,211.22573852539062
G4100130,1269.9398193359375
G4100050,652.27569580078125
G4100110,287.9103088378906
G4100510,283.40655517578125
G4100470,484.4162292480469
G4100150,495.8254089355469
G4100550,482.8945007324219
G4100530,231.41477966308594
G4100030,213.97291564941406
G4100390,675.97186279296875
G4100010,1352.7733154296875
G4100230,1402.9676513671875
G4100070,245.31797790527344
G4100450,1312.2216796875
G4100370,1565.864013671875
G4100490,712.22784423828125
G4100250,1480.0189208984375
G4100430,624.52923583984375
G4100630,1382.073486328125
G4100570,329.2066650390625
G4100670,211.75230407714844
G4100650,781.37506103515625
G4100210,704.4605712890625
G4100190,610.666748046875
G4100330,739.2353515625
G4100290,984.856689453125
G4100350,1511.46923828125
G4100610,1288.490234375
G4200070,324.07403564453125
G4200030,320.61773681640625
G4200790,386.267333984375
G4201090,255.80792236328125
G4200970,234.97715759277344
G4200770,174.44766235351562
G4200850,369.4483337402344
G4200050,371.2450256347656
G4200010,225.5260467529297
G4201170,525.61627197265625
G4200950,171.14828491210938
G4201110,669.261962890625
G4200090,443.7231140136719
G4200170,101.88401794433594
G4200230,515.35986328125
G4201150,437.0537414550781
G4200530,482.5811767578125
G4200330,501.3846130371094
G4200730,335.3010559082031
G4200390,397.2175598144531
G4200670,262.0057067871094
G4200490,361.9842224121094
G4201130,545.558837890625
G4200310,429.5409240722656
G4201010,34.70254135131836
G4200450,72.36579895019531
G4201250,349.2891540527344
G4200270,451.7826843261719
G4200430,203.28070068359375
G4200750,184.38035583496094
G4200110,168.35340881347656
G4201270,448.26995849609375
G4200130,460.3922424316406
G4200370,298.2915954589844
G4200990,259.6607666015625
G4200830,585.40008544921875
G4200410,212.99285888671875
G4200290,134.8446807861328
G4200630,436.1706848144531
G4201290,402.95703125
G4200210,590.6927490234375
G4200150,419.395751953125
G4201230,497.5786437988281
G4200510,462.5521545410156
G4200810,396.2095642089844
G4200470,542.2847900390625
G4200910,88.050933837890625
G4200650,479.9557189941406
G4201310,388.5401306152344
G4200870,320.5960693359375
G4200590,364.1003112792969
G4201190,288.4847412109375
G4201330,186.16355895996094
G4200250,381.5191955566406
G4201050,611.122314453125
G4200690,445.6586608886719
G4200710,140.3001251220703
G4201030,382.64373779296875
G4201210,425.8977355957031
G4200350,443.0796203613281
G4200190,381.2156677246094
G4201070,323.04132080078125
G4200610,347.5394592285156
G4200930,214.71263122558594
G4200890,377.8954772949219
G4200570,339.7740478515625
G4200550,271.7755432128906
G4400050,27.08759307861328
G4400090,42.80669021606445
G4400070,110.7226333618164
G4400010,10.920671463012695
G4400030,87.59153747558594
G4500150,14.842388153076172
G4500490,21.96248435974121
G4500410,28.60621452331543
G4500790,73.89863586425781
G4500370,139.38906860351562
G4500010,163.34371948242188
G4500390,124.48795318603516
G4500590,182.40318298339844
G4500870,155.48736572265625
G4500850,53.57939147949219
G4500290,14.889214515686035
G4500230,152.76048278808594
G4500690,46.02527618408203
G4500890,16.471416473388672
G4500130,3.1933813095092773
G4500450,328.8512268066406
G4500110,58.60589599609375
G4500670,23.487472534179688
G4500750,61.76158905029297
G4500270,32.136837005615234
G4500190,2.7809929847717285
G4500630,114.00299835205078
G4500770,338.4126892089844
G4500070,228.38853454589844
G4500910,191.44894409179688
G4500310,53.58031463623047
G4500430,5.378241062164307
G4500250,98.11412811279297
G4500570,161.20040893554688
G4500710,135.8662872314453
G4500550,93.38245391845703
G4500510,14.192461967468262
G4500030,110.93003845214844
G4500730,336.6596984863281
G4500830,235.06629943847656
G4600230,473.7825012207031
G4600235,833.4051513671875
G4601350,405.75982666015625
G4600610,406.06353759765625
G4601090,404.9331970214844
G4600210,546.6607666015625
G4600810,1531.0491943359375
G4601277,759.240966796875
G4600370,532.66192626953125
G4600050,408.9858093261719
G4600510,442.0379333496094
G4600170,504.9049987792969
G4601113,706.67950439453125
G4600690,565.45721435546875
G4600850,504.0587463378906
G4600095,600.9776611328125
G4600955,760.51251220703125
G4601073,627.903564453125
G4601310,832.4063720703125
G4600390,540.07293701171875
G4600150,506.80535888671875
G4601250,421.1631164550781
G4601130,1006.735595703125
G4600455,918.92803955078125
G4600090,435.41766357421875
G4600130,407.2966003417969
G4601010,496.68829345703125
G4601150,400.8778076171875
G4600835,951.85321044921875
G4600711,715.24432373046875
G4600030,478.2467956542969
G4600790,522.3441162109375
G4600190,921.68890380859375
G4600915,829.9676513671875
G4600330,1286.568359375
G4600470,1093.373046875
G4600530,593.06060791015625
G4601265,679.07440185546875
G4601070,589.24188232421875
G4600350,420.5045166015625
G4600830,419.5842590332031
G4600270,374.1626892089844
G4601175,658.52691650390625
G4600770,508.8292541503906
G4600631,948.83758544921875
G4600490,495.729248046875
G4600430,474.97320556640625
G4601077,625.32000732421875
G4601375,799.267578125
G4601079,767.7723388671875
G4600450,516.494384765625
G4600970,454.3531188964844
G4600730,500.47491455078125
G4601290,578.869140625
G4600930,905.820556640625
G4601117,796.591552734375
G4600110,523.57574462890625
G4600590,506.3617858886719
G4601110,396.7857971191406
G4600570,529.55389404296875
G4601190,548.62548828125
G4600890,556.33245849609375
G4600870,458.29180908203125
G4601030,1316.0728759765625
G4601330,882.12994384765625
G4601075,550.3856201171875
G4600990,469.5657653808594
G4601270,378.5503845214844
G4601170,560.929931640625
G4600250,523.5880126953125
G4600670,424.16070556640625
G4601230,649.14288330078125
G4600650,523.04583740234375
G4600910,476.7255859375
G4600410,615.54974365234375
G4601215,468.7202453613281
G4601015,703.90496826171875
G4600290,552.22412109375
G4600375,799.49102783203125
G4700875,253.452880859375
G4700590,467.5879211425781
G4700070,488.3882141113281
G4701510,468.7781677246094
G4701590,206.11424255371094
G4700770,149.91517639160156
G4701470,204.43499755859375
G4700630,379.7471923828125
G4700930,305.93255615234375
G4700650,315.5103454589844
G4701310,106.48513793945312
G4700210,181.62442016601562
G4701670,95.072601318359375
G4701230,438.5081787109375
G4700130,482.924560546875
G4701350,184.34068298339844
G4701830,120.02880859375
G4700730,431.62860107421875
G4701630,515.8931884765625
G4700370,178.9476776123047
G4701550,528.45770263671875
G4701730,375.7669982910156
G4700090,509.77349853515625
G4701650,211.81243896484375
G4700350,547.16693115234375
G4700670,469.427490234375
G4700550,251.28634643554688
G4701450,277.8371887207031
G4701030,256.9310302734375
G4700470,120.03351593017578
G4700790,141.78897094726562
G4700250,452.39044189453125
G4701290,451.5303955078125
G4700490,455.1545104980469
G4701170,248.83029174804688
G4701010,259.67547607421875
G4701690,188.43687438964844
G4700230,146.85394287109375
G4701110,263.3033142089844
G4700710,155.44482421875
G4701790,523.52581787109375
G4700330,103.45567321777344
G4700970,91.81026458740234
G4701410,362.86602783203125
G4700750,101.11569213867188
G4701530,503.9117736816406
G4700950,85.46566009521484
G4700910,884.69012451171875
G4701430,350.4529113769531
G4701130,132.86058044433594
G4701210,245.9043426513672
G4701190,224.87574768066406
G4701810,240.56248474121094
G4700990,267.8732604980469
G4700830,175.77838134765625
G4700290,529.40399169921875
G4700170,141.2092742919922
G4700270,245.49969482421875
G4700690,139.61178588867188
G4700890,348.0686340332031
G4701370,322.15716552734375
G4700410,265.6407470703125
G4701070,278.8147888183594
G4700610,527.72332763671875
G4700430,216.0059051513672
G4701610,155.28964233398438
G4700190,806.8216552734375
G4700870,238.06544494628906
G4700850,172.5571746826172
G4701250,162.88250732421875
G4700390,142.71871948242188
G4701490,208.14353942871094
G4701390,418.9638671875
G4701890,199.17613220214844
G4701050,277.4869689941406
G4700150,304.8885803222656
G4701570,87.05253601074219
G4700450,89.41374969482422
G4701850,361.6985168457031
G4700030,256.2535400390625
G4700310,331.9259948730469
G4700110,260.6585388183594
G4701710,838.26806640625
G4701750,478.4884948730469
G4700530,111.63966369628906
G4701330,367.60296630859375
G4700510,356.8754577636719
G4701090,147.01329040527344
G4701870,239.13438415527344
G4700810,209.58554077148438
G4700570,390.62738037109375
G4700050,144.46102905273438
G4701270,297.6223449707031
G4701770,337.86920166015625
G4701150,398.92864990234375
G4700010,402.0527038574219
G4801450,131.9596405029297
G4804390,201.75372314453125
G4800350,254.25
G4803270,642.75390625
G4804070,65.85546875
G4800590,550.02838134765625
G4802130,124.47444915771484
G4802950,788.49041748046875
G4800497,1094.8236083984375
G4804050,83.050811767578125
G4803710,878.1224365234375
G4800210,141.5334930419922
G4804350,683.703857421875
G4801390,163.9114227294922
G4804970,269.4665222167969
G4804950,889.0638427734375
G4800890,72.65911102294922
G4803450,711.84991455078125
G4801430,381.97894287109375
G4801190,139.10044860839844
G4803290,844.35687255859375
G4800810,647.15118408203125
G4803310,124.82343292236328
G4802310,165.820556640625
G4803790,135.1592254638672
G4801610,117.48625183105469
G4801070,891.0792236328125
G4801150,903.397216796875
G4801730,808.6148681640625
G4800830,517.5120849609375
G4801490,111.21389770507812
G4801790,919.6810302734375
G4803750,1036.56591796875
G4804210,1077.46337890625
G4804010,123.04100799560547
G4801970,458.0326843261719
G4800390,8.043326377868652
G4801770,103.6972427368164
G4804110,442.55078125
G4801810,216.78851318359375
G4803470,100.1600341796875
G4800170,1184.9951171875
G4802030,91.84898376464844
G4805030,355.4809265136719
G4803510,50.87171173095703
G4802350,734.84716796875
G4800950,570.0234375
G4800110,957.86383056640625
G4801750,58.70682907104492
G4803250,293.151611328125
G4803650,85.87989044189453
G4802690,548.96966552734375
G4800230,384.46844482421875
G4802570,131.47251892089844
G4800610,6.936615467071533
G4803330,443.6075744628906
G4801010,549.05694580078125
G4803890,909.16351318359375
G4801850,90.16178131103516
G4802410,47.4206428527832
G4803530,717.2498779296875
G4802330,934.5640869140625
G4804230,135.54896545410156
G4804810,31.041440963745117
G4803970,158.06698608398438
G4801690,766.66839599609375
G4801370,642.0374755859375
G4801050,740.8594970703125
G4802390,18.28635025024414
G4804670,144.38829040527344
G4801830,102.0990982055664
G4805010,1113.992431640625
G4801570,26.201265335083008
G4804450,1017.326904296875
G4801310,149.772216796875
G4802790,1107.0245361328125
G4804590,113.22770690917969
G4800370,96.89427947998047
G4802910,21.731653213500977
G4804150,720.633544921875
G4803410,1071.4075927734375
G4800150,70.28426361083984
G4803230,241.4052734375
G4802710,376.60601806640625
G4800450,861.50946044921875
G4801950,958.60321044921875
G4800310,409.3017883300781
G4804090,18.946609497070312
G4801890,1038.001708984375
G4802930,147.28143310546875
G4804790,187.71678161621094
G4804770,92.47107696533203
G4803570,891.9815673828125
G4801510,608.0438232421875
G4800670,92.71245574951172
G4800990,290.587646484375
G4802370,332.67059326171875
G4804570,61.35491943359375
G4803010,896.0736083984375
G4801870,170.8885040283203
G4804190,92.04901123046875
G4800910,311.1831359863281
G4802430,1497.865234375
G4802010,25.376386642456055
G4803110,97.3929443359375
G4804710,85.671722412109375
G4800070,3.0526204109191895
G4801650,1011.2674560546875
G4801030,779.8553466796875
G4802450,3.9352407455444336
G4801210,196.8153839111328
G4801910,631.9990234375
G4800330,779.25787353515625
G4800130,131.04290771484375
G4804990,129.72393798828125
G4802810,374.0598449707031
G4800650,1025.1563720703125
G4802190,1064.123779296875
G4801170,1233.3890380859375
G4803050,942.7640380859375
G4802670,620.93695068359375
G4802650,617.606201171875
G4801470,183.1486053466797
G4804750,795.86407470703125
G4802150,32.639488220214844
G4803870,121.62366485595703
G4804410,611.1246337890625
G4801990,21.609256744384766
G4800030,968.3028564453125
G4803670,296.837890625
G4800010,115.591552734375
G4801110,1265.4791259765625
G4804270,112.55975341796875
G4804690,27.40709686279297
G4802870,125.50335693359375
G4800290,247.08151245117188
G4802050,1201.30029296875
G4803350,665.03631591796875
G4803030,984.4273681640625
G4802510,240.6366424560547
G4801270,186.45506286621094
G4800270,203.71966552734375
G4802250,93.35340881347656
G4804030,75.71759796142578
G4803690,1238.3192138671875
G4800630,109.2092514038086
G4803770,1295.5206298828125
G4803950,115.45951080322266
G4800970,255.26535034179688
G4804330,535.5057373046875
G4803810,1106.86328125
G4800570,4.228034496307373
G4800850,189.20973205566406
G4803210,8.206604957580566
G4800730,119.92298889160156
G4802890,105.43391418457031
G4803150,77.19371032714844
G4801130,156.19076538085938
G4803370,296.6719665527344
G4800190,525.54095458984375
G4803090,173.12379455566406
G4803730,71.23045349121094
G4803070,513.65924072265625
G4800930,415.4030456542969
G4802770,150.94186401367188
G4803130,82.70710754394531
G4802270,768.96954345703125
G4801670,3.48012638092041
G4804510,720.51580810546875
G4800790,1158.2991943359375
G4800770,293.0157165527344
G4800410,85.40946960449219
G4804250,256.19061279296875
G4802530,515.2835693359375
G4800530,352.142822265625
G4802230,145.9076690673828
G4804850,319.3631896972656
G4802590,474.2391052246094
G4801630,176.65989685058594
G4800050,69.522674560546875
G4805050,147.4004669189453
G4803630,319.4939270019531
G4800430,1204.2276611328125
G4804870,375.21435546875
G4803490,123.3899917602539
G4804170,470.60711669921875
G4801350,922.66162109375
G4804470,416.0063171386719
G4802850,76.81462097167969
G4801330,462.97283935546875
G4801290,811.29644775390625
G4804650,512.2626953125
G4803550,31.84284782409668
G4804370,1059.732421875
G4800510,97.21088409423828
G4803930,863.018798828125
G4800490,462.83538818359375
G4803390,61.64803695678711
G4801555,917.379638671875
G4803430,104.45516204833984
G4801530,959.99176025390625
G4804130,721.5654296875
G4802070,467.0629577636719
G4801415,170.3228759765625
G4804530,221.33447265625
G4804610,831.51495361328125
G4800090,327.2076721191406
G4802550,108.49847412109375
G4802210,268.7510070800781
G4804910,230.60581970214844
G4802830,128.98876953125
G4804550,75.72335052490234
G4803990,553.1224365234375
G4801410,1301.1871337890625
G4800690,1154.802978515625
G4800250,72.66444396972656
G4804490,108.04046630859375
G4802090,296.27606201171875
G4804830,747.28564453125
G4804730,62.094356536865234
G4801590,125.04790496826172
G4805070,210.80978393554688
G4802110,771.23699951171875
G4803610,3.83640456199646
G4804930,138.27099609375
G4800710,4.495227813720703
G4802970,76.2236557006836
G4803190,498.8993225097656
G4801710,562.00067138671875
G4800750,545.06201171875
G4800870,648.90594482421875
G4802630,643.93377685546875
G4802750,442.01995849609375
G4803170,844.84906005859375
G4804290,390.4443359375
G4800550,151.39852905273438
G4802990,373.1968688964844
G4801230,85.11811828613281
G4801250,729.28271484375
G4802170,189.62887573242188
G4801930,368.7782287597656
G4804630,359.7346496582031
G4803910,13.388174057006836
G4803590,1133.2802734375
G5000270,388.99371337890625
G5000170,391.3191833496094
G5000010,255.30015563964844
G5000210,382.330322265625
G5000190,403.3031311035156
G5000230,416.5635070800781
G5000150,393.17486572265625
G5000030,523.60504150390625
G5000250,416.7801818847656
G5000090,485.00396728515625
G5000070,203.98199462890625
G5000110,198.30734252929688
G5000130,34.703575134277344
G5000050,410.7907409667969
G5101090,111.4789810180664
G5100210,822.9874267578125
G5100730,13.94479751586914
G5101130,302.91571044921875
G5100950,16.619312286376953
G5100690,277.6323547363281
G5100610,161.89060974121094
G5100035,53.787845611572266
G5101530,81.96256256103516
G5100990,26.091646194458008
G5101710,381.04522705078125
G5100170,673.6168212890625
G5101210,616.4525146484375
G5100810,45.58864974975586
G5101570,298.5358581542969
G5100530,69.32848358154297
G5101190,16.976884841918945
G5101050,535.00799560546875
G5101230,13.279890060424805
G5101750,19.7853946685791
G5100570,27.876699447631836
G5101690,555.2996826171875
G5101330,15.883201599121094
G5100930,17.011037826538086
G5101650,517.1270751953125
G5101390,432.3572998046875
G5100310,213.58380126953125
G5100070,91.5377197265625
G5101030,15.281795501708984
G5101910,658.133056640625
G5100670,365.5157165527344
G5101950,708.52215576171875
G5100250,85.96385955810547
G5100050,619.25445556640625
G5100360,16.6512508392334
G5100490,103.82079315185547
G5101830,29.804903030395508
G5100090,340.40777587890625
G5101110,131.9999237060547
G5100430,198.7050018310547
G5101010,27.102937698364258
G5101290,3.8912739753723145
G5101610,491.4502258300781
G5100230,457.3016662597656
G5100470,119.39124298095703
G5101890,7.573825359344482
G5100370,147.94464111328125
G5101510,2.7394039630889893
G5100790,353.0628967285156
G5100750,84.546417236328125
G5100110,204.50621032714844
G5100850,58.93532943725586
G5101770,86.14173126220703
G5100830,138.8380126953125
G5101370,129.7443084716797
G5101670,687.58648681640625
G5101350,114.62744140625
G5101990,11.349164962768555
G5101310,4.488758563995361
G5100630,788.56103515625
G5101550,665.7611083984375
G5101490,28.921533584594727
G5100410,61.15803909301758
G5100890,280.04998779296875
G5100510,593.1678466796875
G5100330,50.14381790161133
G5100770,917.5543212890625
G5101970,753.2447509765625
G5100150,568.48992919921875
G5100910,871.29083251953125
G5101810,24.481788635253906
G5100650,113.38032531738281
G5101170,108.94020080566406
G5100870,46.39238739013672
G5100270,580.91290283203125
G5101430,212.05496215820312
G5100550,3.232487440109253
G5101630,489.75054931640625
G5100710,761.9627685546875
G5101790,64.310943603515625
G5101870,279.2987365722656
G5100350,750.8192138671875
G5101590,23.14455223083496
G5101850,832.02691650390625
G5101070,140.5782012939453
G5101250,336.86834716796875
G5100970,29.321199417114258
G5101470,145.4991912841797
G5101450,84.91352081298828
G5101150,3.0056488513946533
G5101730,817.46588134765625
G5100190,317.8901062011719
G5100030,224.54803466796875
G5107300,23.68284034729004
G5100450,667.00201416015625
G5100590,81.99070739746094
G5101270,22.2658748626709
G5100010,4.53004264831543
G5100290,149.27279663085938
G5101930,22.519123077392578
G5101410,482.0224914550781
G5300110,212.2599639892578
G5300410,580.865966796875
G5300090,453.69244384765625
G5300370,1018.95751953125
G5300210,285.5325622558594
G5300650,946.1656494140625
G5300750,634.981689453125
G5300670,144.64959716796875
G5300330,557.482421875
G5300710,367.4231872558594
G5300490,170.3960723876953
G5300430,655.039794921875
G5300730,911.8363037109375
G5300530,673.6776123046875
G5300350,94.5248794555664
G5300390,549.54571533203125
G5300570,730.90948486328125
G5300610,653.0396728515625
G5300290,60.369754791259766
G5300150,401.0591735839844
G5300470,1167.5556640625
G5300030,851.583251953125
G5300690,199.7949981689453
G5300055,152.09225463867188
G5300590,871.95635986328125
G5300310,644.65765380859375
G5300130,857.6719970703125
G5300450,299.5936279296875
G5300550,86.18328094482422
G5300170,524.38836669921875
G5300230,831.074462890625
G5300770,732.83642578125
G5300010,478.2320556640625
G5300630,727.746337890625
G5400650,271.7779541015625
G5400410,370.5828857421875
G5400230,637.7030029296875
G5400750,979.8089599609375
G5400730,265.86376953125
G5400310,533.05426025390625
G5400990,264.2494201660156
G5400050,419.3792419433594
G5401070,238.7441864013672
G5401090,587.98382568359375
G5400630,704.35321044921875
G5400430,281.4255065917969
G5400350,245.8715362548828
G5400690,330.44464111328125
G5400870,288.7033386230469
G5400770,624.9962158203125
G5400790,244.4564971923828
G5400330,362.1475830078125
G5400670,631.17352294921875
G5400270,373.9233093261719
G5400510,342.347412109375
G5401030,352.0209045410156
G5400550,762.1644287109375
G5400170,326.89599609375
G5400950,286.25323486328125
G5400810,697.809326171875
G5400370,160.03375244140625
G5400070,368.172119140625
G5400910,410.20562744140625
G5400210,310.6918029785156
G5400490,371.094970703125
G5400150,362.4415588378906
G5400290,314.5737609863281
G5400530,221.32861328125
G5400030,197.52154541015625
G5401050,261.72772216796875
G5400130,299.84307861328125
G5401010,743.0228271484375
G5400450,410.767822265625
G5400110,231.30316162109375
G5400830,902.486572265625
G5400610,399.9195861816406
G5400090,310.5672912597656
G5400470,590.4815673828125
G5400390,317.07232666015625
G5400010,516.00079345703125
G5400710,788.5513916015625
G5400250,801.50799560546875
G5400970,553.93963623046875
G5400190,606.03204345703125
G5400890,664.59149169921875
G5400930,849.8984375
G5400570,395.5353088378906
G5400850,289.8202819824219
G5501390,239.3825225830078
G5500790,216.5811004638672
G5500390,286.802001953125
G5500350,300.8443908691406
G5500990,465.1900939941406
G5501370,285.5417785644531
G5500070,340.68701171875
G5501130,417.2752990722656
G5501110,295.6508483886719
G5501030,292.3628845214844
G5500810,320.86920166015625
G5500730,396.2952575683594
G5500250,289.59332275390625
G5500290,204.22027587890625
G5500210,275.9076232910156
G5500690,448.57623291015625
G5500410,491.30078125
G5500310,321.6861267089844
G5500530,297.7150573730469
G5501230,327.6604309082031
G5500190,352.44659423828125
G5500770,256.9071960449219
G5500470,260.69720458984375
G5500270,277.6539611816406
G5500950,339.5216064453125
G5501050,267.7699890136719
G5501170,258.76385498046875
G5500150,259.9700012207031
G5500750,274.4596862792969
G5500130,299.7279052734375
G5500090,228.4138946533203
G5500910,275.1588134765625
G5500570,290.2593994140625
G5500670,466.5530090332031
G5500110,288.8944091796875
G5501310,298.7280578613281
G5500010,297.0528869628906
G5500170,348.7411193847656
G5500030,407.836181640625
G5501290,357.12078857421875
G5500930,310.1315612792969
G5500970,339.7841796875
G5500610,223.5087432861328
G5501090,322.6046142578125
G5500850,493.5675964355469
G5500550,254.8266143798828
G5500870,239.62918090820312
G5501330,270.675048828125
G5500050,363.9784851074219
G5501210,281.14434814453125
G5500490,309.36895751953125
G5501410,328.4872741699219
G5500630,270.5426025390625
G5500330,297.07440185546875
G5500430,286.1545715332031
G5501150,307.1479797363281
G5501010,230.93177795410156
G5500890,238.43460083007812
G5500710,236.41029357910156
G5500590,229.02378845214844
G5501350,268.2742919921875
G5501270,281.1317138671875
G5500650,293.0601501464844
G5500450,284.125732421875
G5500230,285.6380310058594
G5500830,266.5059509277344
G5501190,423.88287353515625
G5500370,423.53326416015625
G5600070,2224.0966796875
G5600110,1286.47314453125
G5600210,1620.321533203125
G5600090,1540.2919921875
G5600190,1714.566162109375
G5600010,2271.40234375
G5600130,2126.280517578125
G5600330,1636.3685302734375
G5600470,2444.47900390625
G5600410,2327.364501953125
G5600450,1417.7376708984375
G5600250,1849.781005859375
G5600370,2091.689453125
