GISJOIN,ruggedness_mean
G0101090,1.3266749382019043
G0100910,1.0562827587127686
G0101130,1.2471333742141724
G0100590,2.3110511302948
G0101010,0.8563065528869629
G0100050,1.4843297004699707
G0101030,1.5959187746047974
G0100570,2.262526273727417
G0100990,1.535257339477539
G0100250,1.8819671869277954
G0100730,3.0670933723449707
G0101210,2.482924222946167
G0100890,1.5234479904174805
G0100950,2.0708374977111816
G0100310,1.144937515258789
G0100630,0.9909305572509766
G0100490,1.942185401916504
G0100170,1.4232637882232666
G0100055,2.7940709590911865
G0100870,1.1190285682678223
G0101110,2.4194724559783936
G0101150,2.325927257537842
G0101190,0.9890803694725037
G0100970,0.7856598496437073
G0100670,1.038360357284546
G0100350,1.1041617393493652
G0100030,0.735103189945221
G0101310,1.345668077468872
G0100370,2.405895948410034
G0100230,1.785047173500061
G0101270,3.019531011581421
G0100070,2.1986026763916016
G0100655,2.8601248264312744
G0100830,1.0253556966781616
G0101250,2.3943753242492676
G0101290,0.981835663318634
G0100770,1.6284871101379395
G0100930,2.3691492080688477
G0100010,1.621893048286438
G0101070,1.539649248123169
G0100190,1.8547958135604858
G0100450,1.1178373098373413
G0100130,1.2637287378311157
G0101230,1.9727513790130615
G0100850,1.2099467515945435
G0101050,1.9327176809310913
G0100470,0.9183855652809143
G0100790,1.472403645515442
G0101170,2.2900075912475586
G0100390,1.1609371900558472
G0100090,2.399641275405884
G0100710,3.1023776531219482
G0500390,0.6486096382141113
G0500690,0.36859235167503357
G0500970,3.0905587673187256
G0500030,0.26947909593582153
G0500290,1.3017934560775757
G0500890,3.150104284286499
G0501390,0.7865689396858215
G0500490,2.1180529594421387
G0501170,0.23858147859573364
G0500550,0.5543702840805054
G0500570,0.7220032215118408
G0500650,3.473527193069458
G0501010,5.004075527191162
G0501050,2.295182943344116
G0500930,0.11346788704395294
G0501410,3.0372865200042725
G0500430,0.4100690484046936
G0501150,2.9866273403167725
G0500750,1.4485501050949097
G0500170,0.17251963913440704
G0500730,0.5326834321022034
G0500350,0.2050817906856537
G0500410,0.19519922137260437
G0501430,2.5232629776000977
G0501450,0.810487687587738
G0501110,0.24799345433712006
G0500010,0.1868094801902771
G0500590,1.882433295249939
G0500190,1.1313111782073975
G0500470,2.57391619682312
G0501130,3.220475196838379
G0501250,1.70131516456604
G0501090,2.2450952529907227
G0500670,0.1977054923772812
G0500070,2.196282148361206
G0501190,1.0915690660476685
G0500330,2.02968168258667
G0500110,0.5012632608413696
G0501270,2.6870598793029785
G0500150,3.054901361465454
G0500950,0.14528487622737885
G0501290,4.290534019470215
G0501490,2.3254690170288086
G0501230,0.3319655954837799
G0500870,3.901733636856079
G0501330,0.9197485446929932
G0500710,2.8457541465759277
G0501030,0.8091371059417725
G0501070,0.3695732653141022
G0500630,1.9194015264511108
G0501210,0.775398850440979
G0601150,5.245452880859375
G0600830,6.771427154541016
G0600850,5.164504051208496
G0600370,4.612362861633301
G0600090,5.2587714195251465
G0600170,5.309885501861572
G0601010,0.7034698128700256
G0601050,8.279529571533203
G0600770,0.6488363742828369
G0600970,4.318303108215332
G0600430,4.015346050262451
G0600410,5.274193286895752
G0600950,1.5398271083831787
G0600890,3.1499242782592773
G0600750,4.048287868499756
G0601090,5.094350814819336
G0601130,2.9902403354644775
G0600670,0.4602168798446655
G0600450,7.274951457977295
G0600110,3.941967725753784
G0600870,6.268726825714111
G0600790,4.967583656311035
G0600070,4.179325580596924
G0600550,5.3847737312316895
G0600530,5.901078701019287
G0600730,3.159768581390381
G0600130,3.494328022003174
G0900110,1.4938398599624634
G0900150,1.4520314931869507
G0900070,1.7689756155014038
G0900010,1.7465083599090576
G0900050,2.4890403747558594
G0900130,1.6383498907089233
G0900030,1.377464771270752
G0900090,1.7150212526321411
G1000010,0.2266019582748413
G1000050,0.1979876458644867
G1000030,0.7830890417098999
G1100017,1.7062536478042603
G1100075,1.870255708694458
G1100115,1.0811522006988525
G1201090,0.11274373531341553
G1200750,0.18898379802703857
G1200650,0.4856189787387848
G1200230,0.2725343704223633
G1200830,0.43661537766456604
G1200950,0.23113864660263062
G1201290,0.1928679496049881
G1200065,0.44923585653305054
G1201070,0.29944583773612976
G1201115,0.14174014329910278
G1200250,0.08393704891204834
G1200870,0.08157838135957718
G1201130,0.594375491142273
G1200890,0.19748346507549286
G1201310,0.8376573324203491
G1200130,0.2654075622558594
G1200010,0.32153624296188354
G1200310,0.2856820523738861
G1200390,0.5633345246315002
G1200570,0.23756003379821777
G1200590,0.6772741079330444
G1200730,0.6142950057983398
G1201330,0.42984285950660706
G1200330,0.7450235486030579
G1200790,0.2091137021780014
G1200630,0.5102588534355164
G1200370,0.11950990557670593
G1200470,0.37770041823387146
G1303050,0.18791499733924866
G1302510,0.5064902305603027
G1301510,1.2535483837127686
G1303170,1.350853681564331
G1300455,2.1281111240386963
G1301590,1.5517992973327637
G1300550,2.78084659576416
G1302150,1.5635919570922852
G1302410,6.395925998687744
G1301490,1.9690479040145874
G1300310,0.4422834813594818
G1301930,0.8927804827690125
G1301410,1.3838939666748047
G1301070,0.6621571779251099
G1301970,1.4495396614074707
G1300930,0.5099225640296936
G1301690,1.660010814666748
G1301790,0.1814548373222351
G1301150,2.257233142852783
G1301050,1.488025188446045
G1300890,1.6936146020889282
G1300450,1.8016583919525146
G1302170,1.3954459428787231
G1301630,0.7514545321464539
G1301530,0.7977327704429626
G1302450,1.0333001613616943
G1300990,0.5422045588493347
G1301450,1.699749231338501
G1301130,1.128529667854309
G1302350,0.6473122835159302
G1302070,1.5754567384719849
G1302230,2.2885537147521973
G1302090,0.7133869528770447
G1302750,0.6228673458099365
G1303010,1.1395540237426758
G1302910,5.575832366943359
G1300010,0.36439472436904907
G1302590,1.64067542552948
G1302990,0.14493955671787262
G1303030,0.9857885241508484
G1301750,0.6981844902038574
G1300570,2.8081796169281006
G1302130,2.8245768547058105
G1302670,0.5194312334060669
G1302930,1.9568432569503784
G1301230,5.148221492767334
G1301850,0.3647461235523224
G1300070,0.37385794520378113
G1300290,0.1843220293521881
G1300395,1.880333662033081
G1300870,0.59140777587890625
G1301190,1.8520007133483887
G1302850,1.4967389106750488
G1300330,0.6843889355659485
G1302970,1.2865402698516846
G1301290,2.186087131500244
G1300730,1.2475857734680176
G1302890,1.24564528465271
G1302630,1.7736573219299316
G1300090,1.4117369651794434
G1300510,0.2393484264612198
G1302610,0.7386864423751831
G1300350,1.35211181640625
G1301770,0.40819650888442993
G1300830,3.587888479232788
G1301950,1.654288411140442
G1302710,0.582570493221283
G1301810,1.1431057453155518
G1302210,1.4104609489440918
G1301550,0.5778954029083252
G1300770,1.3824238777160645
G1301350,1.566436529159546
G1301170,1.8077142238616943
G1300670,1.6932936906814575
G1301910,0.17271074652671814
G1302430,1.120612382888794
G1302370,1.4332329034805298
G1302310,1.1559864282608032
G1301990,1.3184007406234741
G1300790,1.3267184495925903
G1300590,1.437649130821228
G1302650,1.3222386837005615
G1301370,3.914003849029541
G1301870,4.0467023849487305
G1300650,0.19473505020141602
G1301030,0.23347599804401398
G1303190,1.3442535400390625
G1302110,1.299964427947998
G1301330,1.4042038917541504
G1301570,1.5751725435256958
G1300210,1.05473792552948
G1301270,0.17761212587356567
G1302950,2.7532780170440674
G1301390,2.326469659805298
G1300390,0.19887405633926392
G1701590,0.42835476994514465
G1700330,0.47184842824935913
G1700030,1.5767621994018555
G1701490,1.3610260486602783
G1701850,0.45137670636177063
G1700930,0.4319906532764435
G1701730,0.5223161578178406
G1701930,0.5176034569740295
G1701630,0.6895580291748047
G1701530,0.8761820793151855
G1701330,1.1647768020629883
G1701150,0.35108962655067444
G1700430,0.5278617739677429
G1701430,1.0489848852157593
G1701690,1.3429923057556152
G1700170,0.7463748455047607
G1700390,0.40045541524887085
G1700290,0.3609412610530853
G1701790,0.6548992395401001
G1701450,0.5970163345336914
G1702010,0.7011012434959412
G1700790,0.3848356306552887
G1700210,0.2871137261390686
G1700990,0.5139458179473877
G1700810,0.584609866142273
G1701350,0.5196585655212402
G1700510,0.5724106431007385
G1700250,0.41008442640304565
G1700190,0.24953269958496094
G1700130,2.375455856323242
G1701170,0.7383098006248474
G1700670,0.8088802099227905
G1700590,0.7375004887580872
G1701890,0.4173995554447174
G1700710,0.6767637729644775
G1700730,0.7241668701171875
G1700150,1.236662745475769
G1700010,1.1142098903656006
G1701990,0.8731935620307922
G1700650,0.5615780353546143
G1701410,0.7543323636054993
G1702030,0.657002866268158
G1701290,0.6184948086738586
G1700230,0.6457033157348633
G1701470,0.2533707618713379
G1700370,0.383056640625
G1701310,0.8777391910552979
G1701970,0.436861127614975
G1700570,1.1719061136245728
G1700750,0.21806682646274567
G1700550,0.49622195959091187
G1701670,0.40193742513656616
G1700610,0.9969537258148193
G1701010,0.42333346605300903
G1700630,0.3098102807998657
G1701110,0.5454301834106445
G1700950,0.8733358979225159
G1701750,0.6365801692008972
G1701870,0.5998780727386475
G1700270,0.29162371158599854
G1700690,2.283970594406128
G1701070,0.32635560631752014
G1701050,0.25528785586357117
G1701390,0.3147178292274475
G1700970,0.5699205994606018
G1701770,0.9697683453559875
G1701810,2.04125714302063
G1701130,0.39657750725746155
G1701830,0.35957789421081543
G1700110,0.6470599174499512
G1700310,0.4113810956478119
G1700070,0.4666210412979126
G1700050,0.5504582524299622
G1701230,0.7583208084106445
G1701210,0.4950072169303894
G1700350,0.49721208214759827
G1701710,0.9416117072105408
G1701950,0.5583853125572205
G1701650,0.860201358795166
G1701190,0.7154895067214966
G1701250,0.3784398138523102
G1701610,1.0686986446380615
G1700770,1.3946655988693237
G1701270,0.915387749671936
G1701370,0.683167040348053
G1700850,2.052445888519287
G1700450,0.3893093466758728
G1700870,1.671643614768982
G1700890,0.5089333653450012
G1700090,1.5855693817138672
G1701090,0.6314192414283752
G1701030,0.429116815328598
G1701910,0.4201069474220276
G1701550,0.8209482431411743
G1700830,1.5428167581558228
G1701570,1.0487688779830933
G1701510,1.9537663459777832
G1700470,0.6108940243721008
G1700490,0.5118982791900635
G1800750,0.34531012177467346
G1801250,1.0951544046401978
G1801630,0.8045066595077515
G1801430,1.0464839935302734
G1801050,2.4763548374176025
G1800850,0.5019388794898987
G1801090,1.3408323526382446
G1800130,3.2002620697021484
G1801790,0.24946747720241547
G1800190,1.6738040447235107
G1801690,0.5497950315475464
G1800950,0.3135690987110138
G1801730,0.949713945388794
G1800990,0.4127461314201355
G1800530,0.34538787603378296
G1800490,0.421437531709671
G1801450,0.33854940533638
G1801390,0.3687985837459564
G1800050,0.730606734752655
G1801150,2.903355598449707
G1800410,1.0162512063980103
G1801190,1.5932693481445312
G1800430,2.3784704208374023
G1801010,2.4937336444854736
G1800010,0.25368887186050415
G1800110,0.29979410767555237
G1801290,0.6705030202865601
G1801330,1.0577094554901123
G1800810,0.5554754137992859
G1800270,0.6952783465385437
G1800570,0.3923156261444092
G1801410,0.4052262008190155
G1800070,0.27606189250946045
G1800290,2.4837379455566406
G1800470,1.876749038696289
G1800230,0.29978179931640625
G1801770,0.7028527855873108
G1800150,0.4388028085231781
G1801210,1.1643545627593994
G1800830,0.5527839064598083
G1801130,0.6624600887298584
G1801370,0.9789695739746094
G1800770,1.8081001043319702
G1800390,0.4175417423248291
G1800870,0.4721260666847229
G1801030,0.5498148202896118
G1800090,0.3388758897781372
G1801590,0.17658232152462006
G1800450,0.5803974270820618
G1801070,0.5086652636528015
G1800730,0.22046899795532227
G1800670,0.2879249155521393
G1800690,0.43052026629447937
G1800970,0.5399643778800964
G1801310,0.24984419345855713
G1801530,0.6405391097068787
G1800250,2.820580244064331
G1800590,0.28663280606269836
G1800630,0.45211634039878845
G1801230,2.6870813369750977
G1801670,0.609298825263977
G1800890,0.4010578989982605
G1800910,0.4057181179523468
G1800170,0.4687418043613434
G1800550,1.4226924180984497
G1800350,0.34257450699806213
G1801170,2.193636417388916
G1801550,2.7140164375305176
G1801350,0.36347097158432007
G1800790,0.9540735483169556
G1800650,0.4615868330001831
G1800710,1.2922604084014893
G1800310,0.6496375799179077
G1801650,0.7614098191261292
G1801830,0.6333555579185486
G1801570,0.5104562640190125
G1800030,0.369216650724411
G1800510,0.6204217672348022
G1801470,1.0232819318771362
G1800330,0.5174875855445862
G1801810,0.24447812139987946
G1801490,0.23346561193466187
G1801610,0.8977333307266235
G1801270,0.46405306458473206
G1800370,1.6671468019485474
G1801510,0.7423555850982666
G1800610,2.0256245136260986
G1800930,2.0608153343200684
G1801710,0.6105149984359741
G1801750,1.8813791275024414
G1800210,0.6676266193389893
G1900870,0.8726209998130798
G1900530,1.377724051475525
G1901210,1.2799748182296753
G1901850,1.0848190784454346
G1901070,0.9874069690704346
G1900110,0.7191473245620728
G1900430,2.0929715633392334
G1901250,1.1878900527954102
G1901050,1.25088632106781
G1901530,0.6124750375747681
G1901590,1.2250019311904907
G1901390,0.634185254573822
G1901230,0.9410498738288879
G1900990,1.0532881021499634
G1900950,1.1285374164581299
G1901550,1.2547627687454224
G1901150,0.6125844120979309
G1900710,1.000074028968811
G1901450,1.1257257461547852
G1900150,0.6837799549102783
G1900650,0.9876024723052979
G1901570,1.0931205749511719
G1900190,0.5025486350059509
G1901755,0.6424188017845154
G1901830,0.8448824882507324
G1901790,1.0939369201660156
G1901130,0.8137479424476624
G1900510,1.1774009466171265
G1900310,0.8473576903343201
G1901010,0.9295041561126709
G1901810,1.2615941762924194
G1901270,0.8425284028053284
G1900050,2.586078405380249
G1900490,0.7153054475784302
G1900130,0.4849175214767456
G1900550,0.8830312490463257
G1900070,1.2043020725250244
G1901770,1.142075777053833
G1901170,1.3835132122039795
G1901730,1.1099148988723755
G1901910,1.4213638305664062
G1901030,0.9659447073936462
G1900970,1.9499143362045288
G1901350,1.5646198987960815
G1900450,0.8635082840919495
G1900390,1.3657203912734985
G1900610,1.7711164951324463
G1900570,0.782312273979187
G1901710,0.9724970459938049
G1901630,0.7493045330047607
G1901110,0.9527328610420227
G2101350,4.985077857971191
G2100050,2.619105577468872
G2102230,2.9922666549682617
G2100410,3.110734224319458
G2100730,2.610037326812744
G2101990,3.344562530517578
G2101250,3.435654640197754
G2102290,2.4896163940429688
G2100430,4.469925403594971
G2100810,3.1547205448150635
G2101150,6.722761631011963
G2100990,2.251749038696289
G2101630,1.7741743326187134
G2101370,2.273409843444824
G2101710,2.793588399887085
G2100830,0.8151865601539612
G2101070,1.061720609664917
G2100470,1.176367998123169
G2101870,3.194671630859375
G2100890,4.193252086639404
G2100330,1.4976898431777954
G2100850,2.0406219959259033
G2100090,1.6390842199325562
G2100710,7.904711723327637
G2102390,1.5830209255218506
G2101030,2.1459097862243652
G2101010,0.6615480780601501
G2100450,3.414170742034912
G2101230,1.9192836284637451
G2101770,1.2790054082870483
G2101890,5.4560017585754395
G2101730,4.245794296264648
G2102250,0.8896846771240234
G2102150,2.336193084716797
G2100910,1.7540241479873657
G2101410,1.1273040771484375
G2100010,2.7289891242980957
G2101570,0.8991702795028687
G2102070,2.879336357116699
G2102110,1.5894056558609009
G2101810,3.0294432640075684
G2100970,2.3220460414886475
G2101550,2.644460678100586
G2101750,5.43459939956665
G2102170,2.2560195922851562
G2101850,1.70309317111969
G2100510,7.210028171539307
G2100650,4.839380264282227
G2100570,4.8725714683532715
G2100250,7.2675676345825195
G2102130,0.8152399063110352
G2100290,2.5182127952575684
G2101390,1.3573909997940063
G2101270,5.995674133300781
G2101510,2.818427562713623
G2102030,4.162238121032715
G2100310,2.006164312362671
G2102090,1.9886565208435059
G2100030,2.092041015625
G2100870,2.140826940536499
G2101790,2.0788087844848633
G2100170,1.3061442375183105
G2100770,2.7606005668640137
G2100790,2.755045175552368
G2101670,1.9439935684204102
G2100950,7.928452014923096
G2101110,1.092517375946045
G2100750,0.4833124876022339
G2101130,1.9089909791946411
G2100210,2.1703176498413086
G2100370,2.758866548538208
G2102310,4.0818305015563965
G2100270,2.09186053276062
G2100070,0.7320377826690674
G2102350,4.391750335693359
G2102190,1.251585841178894
G2101450,0.5629958510398865
G2100530,3.289304733276367
G2100150,2.12286376953125
G2101330,7.8195061683654785
G2100610,2.6469404697418213
G2101050,0.72797393798828125
G2100350,0.9182816743850708
G2100590,0.8352723717689514
G2100110,3.5739197731018066
G2100930,1.708351492881775
G2101910,3.1989200115203857
G2102270,1.4334516525268555
G2101830,1.6506651639938354
G2100690,3.482116222381592
G2100670,1.0621119737625122
G2101610,2.447471857070923
G2101950,8.788634300231934
G2102210,1.652024745941162
G2101210,6.066865921020508
G2101170,2.531097650527954
G2100230,3.4334285259246826
G2100490,2.2568283081054688
G2101930,7.474116802215576
G2100550,1.6489008665084839
G2200750,0.09755159169435501
G2201170,0.761185884475708
G2200790,0.7192439436912537
G2200150,0.4813217520713806
G2200070,0.05364936962723732
G2200270,1.0734182596206665
G2200930,0.09061264246702194
G2200190,0.20475929975509644
G2200250,0.6938920617103577
G2201070,0.19409430027008057
G2200990,0.1000726968050003
G2200130,0.9253424406051636
G2200770,0.17788447439670563
G2200870,0.1152850016951561
G2200510,0.11527236551046371
G2200730,0.6164881587028503
G2200550,0.17203442752361298
G2200690,0.8080123662948608
G2201130,0.07660927623510361
G2200370,0.7065184712409973
G2200890,0.07238396257162094
G2201110,1.0042593479156494
G2200050,0.13397739827632904
G2200630,0.1361689269542694
G2200850,0.9627293348312378
G2200950,0.05808266997337341
G2200490,1.0205535888671875
G2200670,0.19368110597133636
G2200910,0.637432873249054
G2201010,0.10023332387208939
G2200310,0.7484821081161499
G2200470,0.08893386274576187
G2201090,0.09109948575496674
G2200710,0.15456493198871613
G2200330,0.2633427381515503
G2200235,0.1651865690946579
G2200650,0.18634992837905884
G2200570,0.07531070709228516
G2200090,0.18783190846443176
G2200210,0.6562960147857666
G2200290,0.20751123130321503
G2201030,0.2878647744655609
G2201210,0.12077297270298004
G2200970,0.1977366954088211
G2200410,0.18494831025600433
G2201250,1.069385290145874
G2200170,0.482653945684433
G2300090,1.3842804431915283
G2300150,1.3909701108932495
G2300050,1.2396196126937866
G2300070,2.808345317840576
G2300290,1.0298124551773071
G2300170,2.806443691253662
G2300310,1.188554048538208
G2300270,1.5438722372055054
G2300030,1.3194994926452637
G2300210,1.6232365369796753
G2300110,1.2446539402008057
G2300250,1.6062755584716797
G2300190,1.0414578914642334
G2400050,1.6191500425338745
G2400290,0.5155335068702698
G2400350,0.3371105492115021
G2400190,0.11397984623908997
G2400170,0.9819431900978088
G2400410,0.31511804461479187
G2400250,1.438139796257019
G2400390,0.12252286076545715
G2400130,1.744249939918518
G2400370,0.9992648959159851
G2400430,2.0513620376586914
G2400090,1.7283055782318115
G2400470,0.1769210696220398
G2400010,3.4066355228424072
G2400310,1.3521636724472046
G2400030,1.2519292831420898
G2400110,0.24263061583042145
G2400150,1.081400990486145
G2400330,1.1281119585037231
G2400210,1.8766632080078125
G2500170,1.0718207359313965
G2500270,1.4967848062515259
G2500150,1.9062122106552124
G2500130,1.87419855594635
G2500210,0.9747309684753418
G2500070,0.8130375742912292
G2500010,0.9439540505409241
G2500230,0.7085950970649719
G2500110,2.6892855167388916
G2500050,0.5736073851585388
G2500250,0.7392168641090393
G2500030,2.6200387477874756
G2500090,1.0753300189971924
G2500190,0.5265359282493591
G2601610,0.6467892527580261
G2601270,0.8403232097625732
G2600910,0.43283599615097046
G2601570,0.29188272356987
G2600770,0.6677761673927307
G2600050,0.6425632238388062
G2601150,0.18047060072422028
G2601170,0.5831525325775146
G2600870,0.6564664840698242
G2600450,0.4958128035068512
G2600930,0.6609773635864258
G2600250,0.5545445680618286
G2601490,0.5105569958686829
G2600150,0.9187260866165161
G2601530,0.5200206637382507
G2600810,0.827388346195221
G2601050,0.8697319626808167
G2600650,0.43056026101112366
G2601450,0.36527928709983826
G2600750,0.6077563762664795
G2600370,0.39292043447494507
G2601095,0.7754577994346619
G2601470,0.25704774260520935
G2600490,0.4601157307624817
G2601550,0.38205426931381226
G2601110,0.25572824478149414
G2600610,1.2636370658874512
G2600210,0.7414537668228149
G2601030,1.0588899850845337
G2601590,0.6106966733932495
G2600990,0.2705882787704468
G2601510,0.2762104868888855
G2600630,0.20881812274456024
G2601250,0.67609703540802
G2601310,0.9969403147697449
G2601630,0.31686103343963623
G2600670,0.6626169681549072
G2600230,0.36977335810661316
G2600270,0.7268471717834473
G2600330,0.4315790832042694
G2600590,0.6405582427978516
G2601390,0.4750817120075226
G2601230,0.7534657716751099
G2800950,1.054152011871338
G2800510,1.0857630968093872
G2801270,1.3243625164031982
G2801390,1.88492751121521
G2801210,0.7730447053909302
G2800370,1.7662813663482666
G2801350,0.5354830026626587
G2800010,1.7023006677627563
G2801030,0.5685579776763916
G2800570,1.5081939697265625
G2800330,0.8985253572463989
G2800290,1.4112722873687744
G2801070,0.9978668093681335
G2800910,1.1695210933685303
G2800630,1.876930594444275
G2800110,0.16383041441440582
G2800230,1.3995225429534912
G2800210,1.8788647651672363
G2801430,0.1877213567495346
G2800750,1.8199429512023926
G2800310,1.1582133769989014
G2800610,1.2131611108779907
G2801130,1.0182888507843018
G2801330,0.15747858583927155
G2801530,1.2717933654785156
G2800070,1.416426181793213
G2801230,0.713840901851654
G2800450,0.6181800365447998
G2800870,0.5077044367790222
G2800550,0.1862330436706543
G2801010,1.2644644975662231
G2800670,1.0257697105407715
G2801610,1.4094321727752686
G2800190,1.4539543390274048
G2800410,1.150465965270996
G2801590,1.2582571506500244
G2801490,1.4374383687973022
G2800470,0.7974771857261658
G2801050,0.6707710027694702
G2800590,0.5892225503921509
G2801410,1.6775366067886353
G2800990,1.265143871307373
G2800050,1.1021151542663574
G2800490,1.0779290199279785
G2801110,1.058586597442627
G2800690,1.2730249166488647
G2800170,0.9127533435821533
G2800890,0.7355868220329285
G2801630,0.8790549635887146
G2801570,1.924003005027771
G2800790,1.2579845190048218
G2801150,1.0506428480148315
G2800270,0.1808878630399704
G2801510,0.14919285476207733
G2801290,1.3267443180084229
G2800710,1.552302360534668
G2800930,1.3097447156906128
G2800770,1.2017924785614014
G2800150,1.3950785398483276
G2900690,0.11406858265399933
G2901850,1.216651439666748
G2901690,2.3919036388397217
G2901390,1.2812117338180542
G2900290,2.5268349647521973
G2901010,0.9056447744369507
G2900190,1.4914112091064453
G2900770,1.3320757150650024
G2901270,1.0904974937438965
G2900410,0.7369861602783203
G2901230,2.6429834365844727
G2901050,1.6755123138427734
G2900090,2.436724901199341
G2900030,1.3579320907592773
G2901730,1.093714714050293
G2902150,1.928297519683838
G2901870,1.9140644073486328
G2901590,0.8290592432022095
G2901970,1.5250804424285889
G2901490,1.8123341798782349
G2901650,1.427610158920288
G2900550,1.9638686180114746
G2901510,2.2235054969787598
G2902230,2.306185007095337
G2901810,2.0303726196289062
G2900130,0.6086206436157227
G2900850,1.4564882516860962
G2901790,3.3088321685791016
G2901890,1.5526479482650757
G2900070,0.44488048553466797
G2900530,1.301442265510559
G2900750,1.2954113483428955
G2901430,0.1021786630153656
G2900730,2.004063844680786
G2900810,1.3107260465621948
G2902030,3.2817165851593018
G2900610,1.0463593006134033
G2901830,1.0633909702301025
G2901860,2.4540915489196777
G2900710,1.9489210844039917
G2900310,1.7096987962722778
G2900830,0.7424374222755432
G2902070,0.4316994547843933
G2900210,1.3995052576065063
G2901450,1.0749292373657227
G2901530,2.500317335128784
G2900390,1.0968859195709229
G2901070,1.0460374355316162
G2901370,0.8351228833198547
G2901950,0.9185022711753845
G2900590,1.4821650981903076
G2901750,1.0342787504196167
G2900990,2.5603384971618652
G2901570,1.802277684211731
G2901410,1.846928358078003
G2900570,0.9432997703552246
G2900050,1.184949278831482
G2901090,0.8729809522628784
G2900970,0.5123564600944519
G2901110,1.0600371360778809
G2900270,1.5178015232086182
G2900450,1.0422459840774536
G2901710,1.8757246732711792
G2900790,1.0131006240844727
G2901150,1.0230098962783813
G2901770,1.193812608718872
G2900250,1.0776852369308472
G2900470,1.2208704948425293
G2902050,0.715191125869751
G2900150,1.5738352537155151
G2901130,1.2706849575042725
G2901350,1.4614293575286865
G2901210,1.2005947828292847
G2900230,0.7953502535820007
G2900510,1.8691277503967285
G2902210,2.422198534011841
G2900890,1.479764699935913
G2900370,0.719169020652771
G2901990,1.0566296577453613
G2901310,2.2310328483581543
G2900655,1.5358316898345947
G2900870,1.0685335397720337
G2902130,3.083221435546875
G2900330,0.7833036780357361
G2901290,1.5165530443191528
G2900010,1.5317094326019287
G2902010,0.49841833114624023
G2901670,1.192807674407959
G2901030,0.89988774061203
G2901470,1.2078160047531128
G2902190,2.099520206451416
G2900630,1.0918426513671875
G2902290,1.7976820468902588
G2901170,0.8445188403129578
G2900950,1.2074849605560303
G2901630,1.3167325258255005
G2901190,2.7905771732330322
G2900490,1.0461949110031128
G2902110,1.5609861612319946
G2901330,0.12714585661888123
G3300050,2.670567750930786
G3300030,2.6786270141601562
G3300090,3.92964243888855
G3300150,1.2079460620880127
G3300190,2.885453701019287
G3300110,1.9348618984222412
G3300170,1.4985305070877075
G3300010,2.083906650543213
G3300130,2.203809976577759
G3300070,3.676403760910034
G3400310,2.3512959480285645
G3400270,1.8522989749908447
G3400010,0.26745983958244324
G3400170,0.775883674621582
G3400090,0.20169489085674286
G3400130,0.9579094052314758
G3400030,1.3191133737564087
G3400210,0.7379207015037537
G3400050,0.39851275086402893
G3400370,2.3224570751190186
G3400250,0.7815535664558411
G3400350,1.1635290384292603
G3400070,0.5000593662261963
G3400410,2.3333468437194824
G3400230,0.6054718494415283
G3400110,0.348284512758255
G3400190,1.659497857093811
G3400290,0.40595948696136475
G3400330,0.39411813020706177
G3400150,0.5368394255638123
G3600570,1.3908016681671143
G3600950,2.72428297996521
G3600370,0.5744016170501709
G3600270,2.016650676727295
G3600670,1.3275939226150513
G3600750,0.7805114388465881
G3600110,1.0561989545822144
G3600350,1.6492648124694824
G3600310,3.595085620880127
G3600930,1.3180577754974365
G3600450,0.7481655478477478
G3600210,2.0860438346862793
G3600650,1.1499533653259277
G3601190,1.903253436088562
G3600390,3.2903308868408203
G3600410,2.872671365737915
G3601150,2.513995409011841
G3600030,2.3391165733337402
G3600610,0.7478303909301758
G3600870,2.226608991622925
G3601210,1.2239338159561157
G3600790,2.7955965995788574
G3601050,2.2636334896087646
G3600190,1.2027397155761719
G3601230,1.4103679656982422
G3600550,0.6083954572677612
G3600630,0.29578113555908203
G3601010,2.549747943878174
G3600990,0.5611574649810791
G3600150,2.5898070335388184
G3600290,0.81292724609375
G3600510,1.296170711517334
G3600430,1.8589959144592285
G3600230,2.3386294841766357
G3600130,1.2848964929580688
G3600530,1.772891640663147
G3600730,0.3539596498012543
G3600810,0.5627219676971436
G3600850,0.8960495591163635
G3600090,2.56597900390625
G3600770,2.4864847660064697
G3600910,1.5146342515945435
G3600170,2.0248796939849854
G3600010,1.5988247394561768
G3601170,1.0080716609954834
G3600890,1.2066643238067627
G3600470,0.3296492099761963
G3601070,2.40986967086792
G3600490,1.1042852401733398
G3600070,2.4003283977508545
G3600710,1.9271754026412964
G3601110,2.9970645904541016
G3600250,3.7099173069000244
G3600330,1.7195078134536743
G3600690,1.3795560598373413
G3600830,2.2594246864318848
G3601090,1.6939419507980347
G3601130,3.172844886779785
G3601030,0.5849798917770386
G3700710,1.4676522016525269
G3701430,0.11864735931158066
G3701130,7.201198577880859
G3700390,6.476235389709473
G3700610,0.285555899143219
G3700790,0.29184573888778687
G3701590,1.0803266763687134
G3701290,0.2013363391160965
G3701770,0.03636132553219795
G3700510,0.7272211313247681
G3700870,7.569840908050537
G3700890,4.853057861328125
G3701710,2.3350653648376465
G3701070,0.253263920545578
G3701310,0.3950653374195099
G3701790,0.9580134153366089
G3701890,5.944392681121826
G3700810,1.1926164627075195
G3701570,1.8358452320098877
G3701110,5.5476202964782715
G3701190,1.0738426446914673
G3700210,5.780361652374268
G3701850,1.067234992980957
G3701170,0.2320857048034668
G3700290,0.058111678808927536
G3700010,1.1668376922607422
G3700570,1.3907021284103394
G3700270,4.806258678436279
G3701270,0.5991203188896179
G3701630,0.33788976073265076
G3700410,0.16879059374332428
G3700770,1.141456127166748
G3701250,1.2080514430999756
G3701350,1.1963945627212524
G3701990,6.994843482971191
G3700310,0.14057166874408722
G3700330,1.8777148723602295
G3700370,1.197008728981018
G3701030,0.15747004747390747
G3700350,1.603259801864624
G3700830,0.5406544208526611
G3700530,0.14181935787200928
G3701930,4.209858417510986
G3700130,0.1439899057149887
G3701390,0.07623711973428726
G3700670,1.6254644393920898
G3701670,1.4141099452972412
G3700590,1.3314024209976196
G3700150,0.20411229133605957
G3701530,0.8886249661445618
G3701550,0.19775164127349854
G3700230,3.803400993347168
G3701470,0.19899441301822662
G3701010,0.5935499668121338
G3701910,0.34013795852661133
G3700730,0.15500251948833466
G3700910,0.30046984553337097
G3700490,0.14618654549121857
G3701330,0.25870779156684875
G3700070,1.2065242528915405
G3701610,3.1417813301086426
G3700690,0.9881660342216492
G3700170,0.2244972586631775
G3700190,0.2194567322731018
G3700470,0.15889431536197662
G3701090,1.4328166246414185
G3701830,1.1675797700881958
G3700030,2.612095832824707
G3701230,1.764641284942627
G3700090,4.936760902404785
G3700450,1.7345141172409058
G3701870,0.08258914202451706
G3700650,0.2969511151313782
G3701510,1.6330698728561401
G3700950,0.05260738357901573
G3701450,1.315502643585205
G3700970,1.5556780099868774
G3701690,2.5943069458007812
G3700250,1.229232907295227
G3900110,0.29666802287101746
G3900090,3.5290520191192627
G3900350,0.864238440990448
G3901490,0.3981805443763733
G3901510,1.1670969724655151
G3900310,2.938260316848755
G3901310,3.22924542427063
G3900650,0.2901711165904999
G3901430,0.20927412807941437
G3901050,3.5063767433166504
G3900030,0.2897784411907196
G3900010,2.911130666732788
G3900730,3.755049467086792
G3901130,0.6213882565498352
G3900070,0.4984664022922516
G3900610,1.8007314205169678
G3901690,0.9171028733253479
G3901230,0.19385580718517303
G3900370,0.32151782512664795
G3901470,0.3170197606086731
G3900250,1.2470223903656006
G3901090,0.393082857131958
G3900410,0.44286850094795227
G3901270,2.474318027496338
G3901710,0.3985828459262848
G3900190,2.6674537658691406
G3901610,0.14103998243808746
G3901590,0.31017130613327026
G3900950,0.29399511218070984
G3900290,2.1216771602630615
G3900550,0.8560237288475037
G3901010,0.25046485662460327
G3901150,3.330934524536133
G3901530,1.0677165985107422
G3901290,0.43677031993865967
G3900790,2.902695655822754
G3900430,0.40452542901039124
G3900130,3.8633205890655518
G3901410,2.066105365753174
G3900910,0.6367740035057068
G3900670,3.259676218032837
G3900930,0.3981774151325226
G3900890,1.4025641679763794
G3901330,0.7122886776924133
G3901190,2.6785411834716797
G3900990,0.7351685762405396
G3900530,3.3934409618377686
G3901170,0.5820914506912231
G3900050,1.1571558713912964
G3900870,4.517505645751953
G3900690,0.15428027510643005
G3901350,0.606365442276001
G3900570,0.6145726442337036
G3901650,0.8944469094276428
G3900970,0.26896655559539795
G3900330,0.3501426577568054
G3900510,0.22696581482887268
G3900490,0.44465377926826477
G3900150,1.2584078311920166
G3901030,0.734897255897522
G3901390,1.102516770362854
G3900630,0.22764214873313904
G3900830,1.441619873046875
G3900230,0.5276877880096436
G3900710,1.033395528793335
G3901450,4.16377592086792
G3901110,4.744187355041504
G3900170,0.9745669364929199
G3900390,0.2483575940132141
G3900590,3.026207208633423
G3900750,2.3405349254608154
G3901070,0.2662690579891205
G3900850,0.8947057723999023
G3901730,0.1510956883430481
G3900810,3.837005138397217
G3901250,0.12909962236881256
G3901550,0.4700945317745209
G3900210,0.569318950176239
G3900450,1.2481716871261597
G3901370,0.1295664757490158
G3901750,0.3790476620197296
G3900270,0.4794660806655884
G3900470,0.30250176787376404
G3900770,0.4275008738040924
G3901570,3.0220372676849365
G3901630,3.792024850845337
G3901670,3.846212387084961
G4200050,3.2863707542419434
G4200670,3.1518173217773438
G4200790,2.195068359375
G4201290,2.776319742202759
G4200290,1.570989966392517
G4200470,3.0484583377838135
G4201230,2.5708892345428467
G4200330,2.5442323684692383
G4201050,4.288639068603516
G4200930,2.4062743186950684
G4200190,2.1862902641296387
G4200850,0.9149296879768372
G4201210,2.218046188354492
G4200950,1.6977940797805786
G4200430,2.217743158340454
G4200510,3.080911874771118
G4200990,3.127131223678589
G4200910,1.179437518119812
G4201310,3.0389559268951416
G4200370,2.831165075302124
G4201070,2.802654981613159
G4200810,3.8080906867980957
G4200770,1.7584306001663208
G4200010,1.4364650249481201
G4200630,2.6641900539398193
G4201330,1.9965112209320068
G4201270,2.0834741592407227
G4200550,2.1289455890655518
G4200150,2.5747017860412598
G4200610,3.438585042953491
G4200250,2.389967203140259
G4200590,4.469221115112305
G4201110,2.5151658058166504
G4200390,0.9505539536476135
G4200710,1.3507027626037598
G4200270,2.892941474914551
G4201010,0.8277753591537476
G4200170,1.0542380809783936
G4200890,1.7449442148208618
G4201190,2.661998748779297
G4201030,1.7885435819625854
G4200410,1.668686032295227
G4200570,3.2135279178619385
G4200130,3.249542474746704
G4200450,1.4010488986968994
G4201170,3.1091105937957764
G4200090,3.4409525394439697
G4200110,1.9650154113769531
G4201250,3.1866300106048584
G4200650,2.277557849884033
G4200210,2.3999454975128174
G4200830,3.2863707542419434
G4200490,0.9833678007125854
G4200310,2.2948291301727295
G4200970,2.626020908355713
G4200070,2.945598840713501
G4200030,3.0520455837249756
G4200350,4.285561561584473
G4201150,2.6830296516418457
G4200730,1.580278754234314
G4200750,1.565474033355713
G4200870,3.408460855484009
G4201130,3.0243263244628906
G4400070,1.2284798622131348
G4400090,0.9633793830871582
G4400030,1.066683292388916
G4400010,0.645359992980957
G4400050,0.8905253410339355
G4500750,0.5130893588066101
G4500290,0.2038954645395279
G4500670,0.20423132181167603
G4500190,0.1947142630815506
G4500310,0.3162349760532379
G4500830,1.5987834930419922
G4500690,0.38059282302856445
G4500070,1.3195669651031494
G4500390,1.7950609922409058
G4500630,0.9595497846603394
G4500550,1.018613576889038
G4500590,1.449251413345337
G4500510,0.21743640303611755
G4500890,0.1732204705476761
G4500450,2.5578696727752686
G4500370,1.148429274559021
G4500110,0.5682574510574341
G4500010,1.3507359027862549
G4500570,1.4863793849945068
G4500870,1.916729211807251
G4500770,3.1933176517486572
G4500130,0.21157003939151764
G4500850,0.29084378480911255
G4500790,0.8238358497619629
G4500230,1.5636389255523682
G4500910,1.5001791715621948
G4500430,0.19273358583450317
G4500710,1.248166799545288
G4500250,0.9996020197868347
G4701810,3.1958670616149902
G4701610,2.5245912075042725
G4701470,1.317065954208374
G4701190,2.113380193710327
G4701490,0.9882280230522156
G4700670,5.875097751617432
G4700810,3.076308012008667
G4701850,2.9093191623687744
G4700410,3.81825590133667
G4700490,3.5238146781921387
G4701790,4.657278060913086
G4701150,3.4350674152374268
G4700710,1.8310024738311768
G4701870,2.1539080142974854
G4700610,2.3730568885803223
G4700290,5.649019718170166
G4701450,2.98707914352417
G4701830,0.7461361289024353
G4701750,2.6180577278137207
G4701650,1.8991619348526
G4701210,2.1252365112304688
G4701330,3.6298840045928955
G4700690,1.2070176601409912
G4700110,1.9000638723373413
G4700310,1.3937098979949951
G4700370,2.690199851989746
G4701170,1.659257411956787
G4700970,0.7029944658279419
G4700850,2.709106922149658
G4701350,3.786119222640991
G4700530,0.6269232630729675
G4701590,3.655999183654785
G4700170,1.2060728073120117
G4700990,1.8731756210327148
G4700430,2.278273105621338
G4701570,0.6084759831428528
G4701770,1.9010307788848877
G4701630,4.026658535003662
G4700870,4.649144172668457
G4700730,4.455451965332031
G4700570,3.978484630584717
G4701390,5.219648838043213
G4700190,6.20659065246582
G4700070,2.674424648284912
G4701230,4.423806190490723
G4701670,0.7474436163902283
G4701510,5.214444160461426
G4700030,1.4604134559631348
G4700790,1.230429768562317
G4700150,3.5930063724517822
G4700770,1.4385437965393066
G4700510,2.316300868988037
G4701890,1.5395457744598389
G4700050,1.825339913368225
G4700390,1.9915771484375
G4701110,3.3988499641418457
G4700750,0.47883474826812744
G4700090,4.917499542236328
G4700590,3.2866997718811035
G4700650,2.425239086151123
G4700550,2.6258132457733154
G4701090,1.3232859373092651
G4700470,0.7565565705299377
G4701550,5.8897705078125
G4700450,0.47474542260169983
G4701250,1.7029176950454712
G4701430,2.574462890625
G4701310,0.7219430208206177
G4701290,3.349043130874634
G4700250,5.0391669273376465
G4700890,2.3969531059265137
G4700910,6.127121925354004
G4701070,2.5883302688598633
G4701130,0.8885071277618408
G4700010,5.0462141036987305
G4700930,2.5428504943847656
G4700130,5.156116485595703
G4701030,2.3120243549346924
G4701010,2.9979405403137207
G4804090,0.3380027115345001
G4803210,0.10969642549753189
G4803390,0.49465319514274597
G4801870,0.654748797416687
G4801670,0.15378880500793457
G4800210,0.7635886669158936
G4804590,1.0000603199005127
G4801390,0.567378044128418
G4803310,0.8984839916229248
G4804530,1.003235101699829
G4802770,0.47698643803596497
G4802230,0.46470367908477783
G4804690,0.21726351976394653
G4802930,0.5608883500099182
G4800655,1.058534860610962
G4804710,0.6505571603775024
G4803550,0.3327900469303131
G4804030,0.9323949217796326
G4800370,0.4309925436973572
G4800390,0.12368662655353546
G4800570,0.10740259289741516
G4800010,1.1209639310836792
G4802890,0.865281343460083
G4804770,0.7144056558609009
G4804190,1.0417134761810303
G4801410,1.2691329717636108
G4800290,1.0414228439331055
G4804670,0.6818910241127014
G4804230,1.0561597347259521
G4800970,0.8574548959732056
G4801470,0.5217049717903137
G4800510,0.620725691318512
G4802450,0.11359746754169464
G4802910,0.1562335044145584
G4801770,0.5627208948135376
G4803490,0.7100613713264465
G4800730,1.1999894380569458
G4801710,1.4142123460769653
G4803910,0.13139712810516357
G4803870,0.41489192843437195
G4800150,0.44570431113243103
G4802410,0.6854308843612671
G4804810,0.10882571339607239
G4803510,0.7791303396224976
G4800410,0.4779583215713501
G4800890,0.3852151036262512
G4802850,0.4654626250267029
G4802010,0.229103684425354
G4804570,0.7996289134025574
G4804490,0.6961469054222107
G4800910,1.6255449056625366
G4802390,0.12903724610805511
G4803650,0.653884768486023
G4801130,0.5898364186286926
G4801810,0.7607744932174683
G4802250,0.699023962020874
G4804390,0.6905524134635925
G4802090,1.398115634918213
G4804010,1.0539255142211914
G4804910,0.6160572171211243
G4800610,0.2878699004650116
G4803730,0.7922336459159851
G4803250,0.8723487257957458
G4801750,0.4437616169452667
G4804050,1.0106457471847534
G4802130,0.8197731971740723
G4801850,0.5314722061157227
G4801490,0.6160341501235962
G4801230,0.5710948705673218
G4803470,1.1217049360275269
G4802030,0.8190767168998718
G4802570,0.4040958881378174
G4800050,0.659389317035675
G4802310,0.41067811846733093
G4801210,0.5631315112113953
G4800550,0.6284882426261902
G4801570,0.19211532175540924
G4803950,0.6123085618019104
G4800850,0.5894278883934021
G5000130,0.2713039219379425
G5000250,3.4908246994018555
G5000170,3.6690518856048584
G5000110,2.058259963989258
G5000010,2.563228130340576
G5000230,3.752147912979126
G5000090,2.6436100006103516
G5000030,4.0174641609191895
G5000190,2.4222636222839355
G5000210,3.6761910915374756
G5000050,2.8688247203826904
G5000150,3.5502450466156006
G5000070,2.567545175552368
G5000270,4.064279079437256
G5101430,1.7925353050231934
G5101570,3.686232328414917
G5100290,1.88904869556427
G5101197,4.994063854217529
G5101555,6.294249057769775
G5100190,3.19531512260437
G5101110,1.3695456981658936
G5101933,6.745131015777588
G5100090,4.003685474395752
G5101390,4.134342670440674
G5101193,4.5233283042907715
G5101913,5.997617244720459
G5100237,3.9085638523101807
G5101057,8.980080604553223
G5100790,3.7862048149108887
G5101830,0.4753914773464203
G5100930,0.4151173233985901
G5101910,4.987569332122803
G5100350,3.9484951496124268
G5100310,1.9575554132461548
G5101930,1.0802432298660278
G5101170,1.1862808465957642
G5100490,1.411489486694336
G5101490,0.6159470677375793
G5101450,1.2471262216567993
G5100570,1.1215497255325317
G5101937,5.169503688812256
G5101135,5.467984676361084
G5100250,1.086281657218933
G5101053,5.120882511138916
G5101175,5.558880805969238
G5100837,3.6344263553619385
G5100360,0.5696437954902649
G5100470,1.395572543144226
G5100530,0.8662448525428772
G5100150,3.624600887298584
G5101890,0.3477484881877899
G5101010,0.9106258153915405
G5101957,8.230389595031738
G5100155,4.2029829025268555
G5100770,4.661620140075684
G5100630,3.7572531700134277
G5100775,5.3421430587768555
G5100730,0.6407880187034607
G5101970,4.371579170227051
G5100810,0.5978806614875793
G5101215,3.711642026901245
G5101855,4.968145370483398
G5101130,3.551077127456665
G5100890,2.839385986328125
G5101730,5.3367438316345215
G5100230,4.717541694641113
G5101593,5.291841506958008
G5100550,0.19835065305233002
G5101530,1.275287389755249
G5101835,4.449639797210693
G5101710,3.2232489585876465
G5100670,3.3188087940216064
G5101370,1.5378168821334839
G5101590,1.2525115013122559
G5101810,0.6199166178703308
G5101410,4.095612525939941
G5101210,4.4602460861206055
G5100910,5.680229663848877
G5101050,5.6511077880859375
G5101990,0.6592900156974792
G5100035,1.254375696182251
G5101290,0.13507534563541412
G5101553,4.866489410400391
G5101510,0.19442853331565857
G5101557,5.312113285064697
G5101190,0.9444589614868164
G5100615,6.195990085601807
G5101770,1.1672039031982422
G5101470,1.695065975189209
G5100715,6.541116714477539
G5100990,1.3367769718170166
G5101550,4.096535682678223
G5101030,0.8683071732521057
G5100010,0.16211959719657898
G5100590,1.239994764328003
G5100410,0.9715269804000854
G5101150,0.1364782750606537
G5101750,0.4071763753890991
G5100953,1.373834490776062
G5100935,4.55714750289917
G5101275,5.890407085418701
G5100710,5.241236209869385
G5100853,4.745589256286621
G5100957,6.500082969665527
G5100970,1.0344339609146118
G5101133,5.050254821777344
G5100533,6.14063835144043
G5101650,3.8255081176757812
G5100430,1.6280215978622437
G5100830,1.453190565109253
G5100293,5.527674198150635
G5101270,1.0318479537963867
G5101070,1.4988607168197632
G5101437,5.5419206619262695
G5101330,0.9388530254364014
G5101355,4.179665565490723
G5100650,1.7291287183761597
G5100070,1.2340211868286133
G5100690,2.292635679244995
G5100610,1.7330095767974854
G5100857,4.756374359130859
G5101230,0.28126630187034607
G5100850,1.0269840955734253
G5100170,5.80627965927124
G5100750,1.3785287141799927
G5101870,3.1323673725128174
G5101137,3.800905466079712
G5100370,1.4240440130233765
G5101455,3.920290231704712
G5101610,4.416121482849121
G5100195,2.053987503051758
G5101090,1.1857514381408691
G5100030,3.089087724685669
G5101415,6.339523792266846
G5101250,4.516176700592041
G5100215,8.12697982788086
G5101953,3.8690907955169678
G5100233,6.6453537940979
G5100330,1.2173835039138794
G5100950,1.071173071861267
G5101690,6.087782382965088
G5101350,1.386384129524231
G5100833,4.129621505737305
G5101310,0.1962713897228241
G5100050,6.18748664855957
G5101850,7.793716907501221
G5101670,6.7963151931762695
G5101790,1.561057209968567
G5101630,4.521566867828369
G5100110,2.0040197372436523
G5100870,0.6735094785690308
G5501270,0.6537261605262756
G5500675,0.8643637299537659
G5501030,3.2893424034118652
G5500090,0.6643537878990173
G5500450,1.3722867965698242
G5501010,0.530490517616272
G5500010,0.4473744034767151
G5500490,2.2662832736968994
G5500250,1.1353873014450073
G5500770,0.603396475315094
G5500710,0.5943133234977722
G5500270,0.6505086421966553
G5500210,0.8074740767478943
G5500790,0.5641396045684814
G5500970,0.314145565032959
G5501330,0.7316668033599854
G5500170,0.9745339155197144
G5500650,1.4963469505310059
G5500590,0.5156817436218262
G5501390,0.6456443071365356
G5501110,1.9209009408950806
G5500390,0.5621023178100586
G5500230,2.1824405193328857
G5501310,0.7491298913955688
G5501050,0.6532390713691711
G5501090,0.9963321089744568
G5501170,0.7298740744590759
G5500430,2.36132550239563
G5500150,0.37828177213668823
G5500730,0.6430589556694031
G5500550,0.6104121208190918
