GISJOIN,slope_mean
G0100790,3.453620433807373
G0100090,6.144373893737793
G0101330,6.762034893035889
G0100650,3.1649394035339355
G0100030,1.7141245603561401
G0100930,5.778853893280029
G0100330,5.017033576965332
G0100890,3.7163712978363037
G0100710,7.115342140197754
G0100490,4.505251407623291
G0100970,1.882205843925476
G0101250,5.6460394859313965
G0100450,3.2100861072540283
G0100310,3.1291327476501465
G0100190,4.5533318519592285
G0100610,1.8226648569107056
G0100730,6.911452770233154
G0101190,2.296187162399292
G0101010,1.8159620761871338
G0100910,2.55896258354187
G0100350,2.8118584156036377
G0100150,5.864246845245361
G0101050,4.012827396392822
G0101210,5.159632205963135
G0101130,2.808846950531006
G0100830,2.430990695953369
G0100470,2.4105827808380127
G0101090,3.3303234577178955
G0100010,4.0687384605407715
G0101270,6.757036209106445
G0100230,4.076037406921387
G0100270,6.324885845184326
G0100670,2.527690887451172
G0100070,5.482292652130127
G0100370,6.053192615509033
G0100630,2.2704524993896484
G0100130,3.0154037475585938
G0100410,3.199549913406372
G0100770,3.7813727855682373
G0100530,2.302933931350708
G0100950,5.010397434234619
G0100210,4.604663848876953
G0101030,3.7677195072174072
G0100990,3.6042416095733643
G0100250,4.366372108459473
G0100390,2.7350046634674072
G0100750,4.54545259475708
G0100850,2.667978286743164
G0100570,5.818916320800781
G0101290,2.3138957023620605
G0101310,3.1223905086517334
G0100430,5.15675163269043
G0100810,3.4640231132507324
G0100110,2.7342004776000977
G0100290,7.518462181091309
G0100550,5.020092964172363
G0100170,3.3904731273651123
G0100050,3.5629007816314697
G0100510,3.523641586303711
G0100590,5.817487716674805
G0101230,4.666474342346191
G0101150,5.70406436920166
G0100870,2.4660983085632324
G0101110,5.457259178161621
G0101170,5.252799034118652
G0101070,3.56227707862854
G0500570,1.8390165567398071
G0500430,0.8775311708450317
G0500610,3.815089702606201
G0501090,4.868582248687744
G0501230,0.9110380411148071
G0500130,0.8618297576904297
G0501430,6.470853805541992
G0501310,4.987826347351074
G0500750,1.5429753065109253
G0500050,7.841465950012207
G0500410,0.44477832317352295
G0500730,0.8914725184440613
G0501410,7.898423194885254
G0500990,2.1060590744018555
G0500550,1.3072453737258911
G0500870,9.435705184936523
G0501270,7.106060981750488
G0500190,2.557628631591797
G0500970,8.155226707458496
G0500350,0.46343597769737244
G0501110,0.4706270694732666
G0500210,0.8882672786712646
G0500450,2.9595627784729004
G0500910,1.4407340288162231
G0500950,0.2971518039703369
G0500170,0.4337238669395447
G0500390,1.9185060262680054
G0500030,0.6408860683441162
G0500370,0.9203432202339172
G0500510,7.042966365814209
G0500890,8.88392162322998
G0500790,0.8369571566581726
G0500710,8.930212020874023
G0500670,0.6167377233505249
G0501010,12.619745254516602
G0500770,0.7863784432411194
G0500630,4.287024021148682
G0500230,5.746395111083984
G0501190,3.1425986289978027
G0500010,0.49245649576187134
G0501170,0.503052830696106
G0501050,6.5546956062316895
G0501030,2.237535238265991
G0500490,4.966255187988281
G0500110,1.2084943056106567
G0500070,5.344124794006348
G0500930,0.28084903955459595
G0501070,0.6665037274360657
G0500830,5.303219318389893
G0500090,7.7022929191589355
G0500310,0.6165839433670044
G0501490,5.54770565032959
G0500330,7.179726600646973
G0500690,0.6889346241950989
G0500810,0.8957331776618958
G0500650,6.538030624389648
G0501290,10.456033706665039
G0500590,4.160125732421875
G0500150,8.587634086608887
G0501390,1.9728665351867676
G0501250,4.79478645324707
G0501210,3.4706785678863525
G0501370,9.958551406860352
G0501470,0.2510640323162079
G0501450,2.123060941696167
G0501130,8.184638023376465
G0500470,6.3136305809021
G0500850,0.5521196126937866
G0500290,3.653284788131714
G0501350,4.9529829025268555
G0500250,1.2519274950027466
G0501150,7.29910135269165
G0500530,1.4157699346542358
G0500270,1.653826355934143
G0501330,3.294919729232788
G0600530,14.48879623413086
G0600910,14.866690635681152
G0600370,10.807882308959961
G0600070,8.771146774291992
G0600810,12.336373329162598
G0600350,6.345054626464844
G0600970,12.930227279663086
G0600690,13.901097297668457
G0600630,13.544805526733398
G0601070,10.37888240814209
G0601150,6.665215492248535
G0600110,7.518642902374268
G0600590,8.258821487426758
G0600950,3.390697956085205
G0600090,12.25500774383545
G0601110,15.96139907836914
G0600230,18.193370819091797
G0600490,4.7035417556762695
G0600670,1.1251896619796753
G0600830,15.903817176818848
G0600510,12.69681167602539
G0600050,11.046523094177246
G0601090,15.839486122131348
G0600730,7.628535747528076
G0600890,12.56604290008545
G0600030,16.957651138305664
G0600450,18.234561920166016
G0600270,12.946645736694336
G0600870,14.960864067077637
G0600710,6.656075477600098
G0600850,12.730618476867676
G0600990,5.905176162719727
G0600930,15.077131271362305
G0600750,4.990248680114746
G0600470,3.196855306625366
G0601050,21.28745460510254
G0600430,14.723306655883789
G0600790,11.435083389282227
G0600570,12.724628448486328
G0600610,12.363396644592285
G0600190,9.721692085266113
G0600550,12.65078353881836
G0600010,9.820813179016113
G0601130,4.626948356628418
G0600290,7.751157283782959
G0600170,12.887435913085938
G0600150,21.62791633605957
G0600330,14.772941589355469
G0601010,1.3259106874465942
G0600410,13.127817153930664
G0600770,1.6704142093658447
G0600130,8.398079872131348
G0601030,10.900917053222656
G0800710,5.820685863494873
G0800850,9.79542064666748
G0800370,16.395273208618164
G0800150,16.50515365600586
G0801170,16.920194625854492
G0801230,1.4834424257278442
G0801030,12.647530555725098
G0800630,1.3126022815704346
G0801090,10.497941970825195
G0800350,8.176325798034668
G0800950,0.8297072649002075
G0800530,18.108736038208008
G0800910,14.699393272399902
G0800230,6.713574409484863
G0800490,13.610085487365723
G0800290,9.452701568603516
G0800610,0.6980960965156555
G0800450,16.73931312561035
G0801210,1.2471182346343994
G0800990,1.1019628047943115
G0800050,1.6565263271331787
G0800070,13.676253318786621
G0800550,7.873268127441406
G0800330,10.690116882324219
G0801150,1.2382144927978516
G0800590,12.399359703063965
G0800130,11.513895034790039
G0800830,9.356179237365723
G0801010,3.0509254932403564
G0800890,1.304505705833435
G0800730,1.369187831878662
G0800930,10.131120681762695
G0800410,5.791109085083008
G0800870,1.3432703018188477
G0800170,1.1255974769592285
G0801250,1.7064259052276611
G0801050,11.951849937438965
G0800970,20.456939697265625
G0800430,13.684708595275879
G0800390,2.83599853515625
G0800510,15.765788078308105
G0801130,10.9552640914917
G0801110,23.756837844848633
G0800190,20.20137596130371
G0800690,10.001116752624512
G0801070,9.297048568725586
G0800470,15.183568000793457
G0800110,1.5554941892623901
G0800270,12.01514720916748
G0800090,1.267451524734497
G0800670,12.830622673034668
G0800210,6.724264144897461
G0800750,1.5473532676696777
G0800770,11.087750434875488
G0800650,14.803752899169922
G0900030,3.7967803478240967
G0900110,4.080938339233398
G0900050,6.930377960205078
G0900090,4.724411487579346
G0900130,4.577988624572754
G0900010,4.813912391662598
G0900070,4.8914361000061035
G0900150,4.091604232788086
G1000010,0.5174733400344849
G1000050,0.4478082060813904
G1000030,1.8679852485656738
G1100010,3.4086427688598633
G1200370,0.29976633191108704
G1200310,0.511074960231781
G1200770,0.8179044723510742
G1201010,0.8250805735588074
G1200030,0.308852881193161
G1200250,0.20016010105609894
G1200890,0.48278990387916565
G1201090,0.2793909013271332
G1200530,1.3639435768127441
G1200670,0.308030903339386
G1200650,1.1976407766342163
G1200590,1.6595615148544312
G1200330,1.788129210472107
G1200130,0.622738242149353
G1200970,0.22975222766399384
G1200170,1.1490529775619507
G1201270,0.41025859117507935
G1201210,0.9442378878593445
G1200730,1.578312635421753
G1201070,0.7248356938362122
G1200090,0.2602541744709015
G1200230,0.6801357269287109
G1201130,1.5120183229446411
G1201330,1.0524431467056274
G1200950,0.6271790862083435
G1201190,0.5539636015892029
G1200830,1.1934738159179688
G1201050,0.6795592904090881
G1200750,0.5302307605743408
G1200070,0.5089911222457886
G1200190,0.882249116897583
G1200870,0.16180966794490814
G1201230,0.3265978693962097
G1200570,0.7101568579673767
G1200630,1.2476274967193604
G1200790,1.0247859954833984
G1200810,0.43158549070358276
G1201290,0.4607137143611908
G1200010,0.8203656673431396
G1200390,2.5422070026397705
G1201310,2.0300371646881104
G1200690,0.9389485716819763
G1200710,0.19343194365501404
G1200470,0.8815394639968872
G1200270,0.2988065779209137
G1301410,3.400961399078369
G1300190,0.8130367398262024
G1303150,1.486708402633667
G1302090,1.774399757385254
G1302110,3.199843168258667
G1300470,5.159686088562012
G1302930,4.7480058670043945
G1301590,3.8373186588287354
G1302670,1.2992565631866455
G1300390,0.45397114753723145
G1302810,15.946584701538086
G1301570,3.8727798461914062
G1301190,4.809474945068359
G1302070,3.850648880004883
G1302350,1.5475672483444214
G1302210,3.453770875930786
G1303010,2.681957960128784
G1301630,1.860861897468567
G1302630,4.623704433441162
G1302850,3.6621036529541016
G1300350,3.31377911567688
G1300850,8.539921760559082
G1300450,4.027820587158203
G1301130,2.7343814373016357
G1300770,3.374732494354248
G1302290,0.5404051542282104
G1300930,1.2922697067260742
G1302730,1.3564800024032593
G1300070,0.8793293237686157
G1301370,8.317155838012695
G1301170,4.467502117156982
G1302050,1.0708802938461304
G1302430,2.801182270050049
G1302310,2.8554275035858154
G1300690,1.1130430698394775
G1300570,6.467428207397461
G1301890,2.7524476051330566
G1301390,5.519783973693848
G1302910,12.804577827453613
G1302450,2.5836079120635986
G1303130,5.400090217590332
G1301250,3.2913312911987305
G1300990,1.2548304796218872
G1301450,4.12592077255249
G1301470,3.1933248043060303
G1301950,4.019292831420898
G1301430,4.89198637008667
G1300370,0.9917259812355042
G1301790,0.4289429783821106
G1300650,0.24486945569515228
G1300550,6.778810977935791
G1302170,3.2902114391326904
G1301330,3.4263153076171875
G1303190,3.3552980422973633
G1300950,0.8370159864425659
G1302710,1.5871959924697876
G1301210,4.364048957824707
G1302970,3.1706483364105225
G1302490,3.061737537384033
G1300870,1.477156400680542
G1302590,4.532561302185059
G1302015,4.22519063949585
G1300670,3.875300645828247
G1303050,0.5718016624450684
G1300150,5.120514869689941
G1302370,3.5154972076416016
G1301930,2.04290509223938
G1302470,3.801955461502075
G1300510,0.548812747001648
G1300210,2.635828733444214
G1301810,2.7937276363372803
G1303210,1.448692798614502
G1300830,8.67995548248291
G1300490,0.3854922950267792
G1303030,2.4975905418395996
G1300630,2.838045835494995
G1300110,5.545319080352783
G1301770,0.9531579613685608
G1301550,1.466770052909851
G1300290,0.4366656541824341
G1301690,4.061822891235352
G1302130,8.415946960449219
G1300330,1.6873650550842285
G1301510,3.0305662155151367
G1302190,3.417605400085449
G1300890,3.9335358142852783
G1302550,2.86702299118042
G1301870,11.048494338989258
G1301050,3.737870216369629
G1301530,2.0013115406036377
G1300310,1.1025359630584717
G1300010,0.9483615159988403
G1302750,1.715785264968872
G1301750,1.7567403316497803
G1300590,3.6948044300079346
G1301270,0.4103887379169464
G1302010,0.680402934551239
G1303110,10.850770950317383
G1302610,1.705957293510437
G1300970,4.85437536239624
G1300790,3.345325469970703
G1302950,7.123836040496826
G1301490,4.752161502838135
G1300910,1.7834010124206543
G1302990,0.29803112149238586
G1300710,1.2926316261291504
G1302650,3.2347543239593506
G1302410,15.086098670959473
G1300270,1.3427455425262451
G1302510,1.2596007585525513
G1301850,0.8599172234535217
G1301110,12.541805267333984
G1302890,3.081125497817993
G1301670,1.8275461196899414
G1302390,4.269487380981445
G1301230,12.28603744506836
G1300610,3.0490264892578125
G1301350,3.8213448524475098
G1300730,3.1847782135009766
G1301070,1.632737159729004
G1302150,3.3904571533203125
G1301970,3.8134207725524902
G1300530,4.286952495574951
G1301010,0.33333972096443176
G1301030,0.5672338604927063
G1302230,5.394418239593506
G1303070,2.7311391830444336
G1301990,3.239908456802368
G1301150,5.290415287017822
G1302330,5.199795722961426
G1301910,0.3914545774459839
G1302270,9.290289878845215
G1302690,2.950678586959839
G1300090,3.4578704833984375
G1300395,4.01798677444458
G1301290,5.161448955535889
G1303170,3.3115394115448
G1600635,3.168816566467285
G1600110,6.644132614135742
G1600490,21.037790298461914
G1600590,18.155179977416992
G1600710,9.67310905456543
G1600730,5.528041839599609
G1600010,3.906419277191162
G1600370,18.075551986694336
G1600790,20.2753849029541
G1600150,17.38889503479004
G1600550,13.746941566467285
G1600310,6.044219493865967
G1600570,10.119552612304688
G1600870,12.833046913146973
G1600690,12.2706298828125
G1600035,16.349191665649414
G1600070,10.318540573120117
G1600390,13.100611686706543
G1700390,0.9523847699165344
G1700570,2.711984395980835
G1701850,1.09451425075531
G1701230,1.8059499263763428
G1701970,1.1120871305465698
G1700190,0.5982223153114319
G1701110,1.3194199800491333
G1701190,1.6530702114105225
G1700930,1.0088446140289307
G1701950,1.3163408041000366
G1701010,1.0145798921585083
G1700770,3.294160842895508
G1701290,1.4302600622177124
G1700490,1.1873136758804321
G1700050,1.2929818630218506
G1700630,0.6841734647750854
G1700590,1.7744404077529907
G1701590,1.0196871757507324
G1701890,0.975239634513855
G1700910,0.5769383907318115
G1701250,0.8992156982421875
G1701450,1.377648115158081
G1700670,1.8174744844436646
G1701510,4.769626617431641
G1700370,0.9026911854743958
G1700690,5.5007500648498535
G1701410,1.8500529527664185
G1700310,0.9492142200469971
G1700650,1.3580728769302368
G1700710,1.5537704229354858
G1702010,1.7205866575241089
G1701750,1.5279982089996338
G1700010,2.597411870956421
G1701550,1.9472146034240723
G1700270,0.6933535933494568
G1701770,2.400730609893799
G1700810,1.37324857711792
G1701030,1.0404491424560547
G1701990,2.0537467002868652
G1701330,2.6967179775238037
G1701730,1.23457670211792
G1700210,0.6876813173294067
G1700950,2.0597705841064453
G1700410,0.46896928548812866
G1700290,1.1645184755325317
G1701470,0.6091544032096863
G1701070,0.7827198505401611
G1701430,2.471557140350342
G1701810,4.807741165161133
G1700890,1.2264976501464844
G1701370,1.5784416198730469
G1700990,1.1905003786087036
G1700550,1.1854814291000366
G1700350,1.1571271419525146
G1701050,0.6115027666091919
G1701910,1.0045815706253052
G1701690,3.098261594772339
G1701570,2.4757518768310547
G1700470,1.4759660959243774
G1701350,1.1805659532546997
G1700450,0.9267681241035461
G1700110,1.5439531803131104
G1700430,1.2496650218963623
G1701790,1.5501471757888794
G1701830,1.0106648206710815
G1700150,2.9940733909606934
G1701710,2.1781578063964844
G1701390,0.7539978623390198
G1701090,1.479521632194519
G1701130,0.961616575717926
G1701610,2.4696998596191406
G1700750,0.5043864846229553
G1700130,5.627237796783447
G1700510,1.3316971063613892
G1701670,0.9450753331184387
G1700730,1.7180031538009644
G1701310,2.0397393703460693
G1700530,0.6425713300704956
G1700610,2.235598564147949
G1702030,1.5581395626068115
G1701210,1.1552507877349854
G1700830,3.5728564262390137
G1701270,2.187561273574829
G1701630,1.600138783454895
G1701930,1.2349027395248413
G1700970,1.3523329496383667
G1701530,2.0601933002471924
G1701170,1.6157193183898926
G1700170,1.709919810295105
G1700250,0.9597122669219971
G1700090,3.6775307655334473
G1700870,4.086277484893799
G1701150,0.8416053652763367
G1700030,3.5890989303588867
G1700850,5.003555774688721
G1700230,1.49922513961792
G1701870,1.4111745357513428
G1700070,1.1535269021987915
G1701490,3.231332778930664
G1700790,0.9000557065010071
G1701650,2.069714069366455
G1700330,1.1221604347229004
G1801110,0.5105457901954651
G1800870,1.127526044845581
G1800390,1.0139424800872803
G1801050,5.988819122314453
G1800630,1.074622631072998
G1800250,7.02529239654541
G1800210,1.585280179977417
G1801830,1.5321117639541626
G1801290,1.5940545797348022
G1801170,5.475574970245361
G1801090,3.369563579559326
G1800590,0.6791732311248779
G1800550,3.501241683959961
G1800110,0.7181569337844849
G1800910,0.9797416925430298
G1801150,6.950620174407959
G1800970,1.1945558786392212
G1800670,0.6924062967300415
G1801390,0.892925500869751
G1800130,7.626570224761963
G1800790,2.283100128173828
G1801310,0.5834006071090698
G1800170,1.1334913969039917
G1800750,0.8320489525794983
G1801470,2.4855594635009766
G1801370,2.3424415588378906
G1800610,4.917383670806885
G1800410,2.463294506072998
G1801610,2.194380044937134
G1800990,0.9947348237037659
G1800090,0.8126973509788513
G1800230,0.7208734154701233
G1800150,1.0651525259017944
G1801070,1.2311429977416992
G1801590,0.4183717370033264
G1801130,1.5928971767425537
G1800290,5.9367995262146
G1800270,1.6914958953857422
G1801190,3.8672728538513184
G1801250,2.593296527862549
G1800830,1.3364737033843994
G1801730,2.2377328872680664
G1801230,6.647089004516602
G1800330,1.2312766313552856
G1801750,4.529648780822754
G1801510,1.7758731842041016
G1801530,1.5312864780426025
G1801210,2.7291646003723145
G1801430,2.5082244873046875
G1801710,1.482170820236206
G1800690,1.0273374319076538
G1801270,1.1062767505645752
G1800730,0.5287401080131531
G1801330,2.478161096572876
G1801770,1.7015079259872437
G1800650,1.1077983379364014
G1800450,1.4078179597854614
G1800310,1.5501762628555298
G1801550,6.468353271484375
G1800190,4.045707702636719
G1800030,0.8802561163902283
G1801810,0.581973671913147
G1800710,2.974551200866699
G1800510,1.5048298835754395
G1800810,1.3233634233474731
G1800050,1.7611135244369507
G1800950,0.7492867708206177
G1801030,1.3225544691085815
G1800770,4.3467020988464355
G1801650,1.8175047636032104
G1801570,1.2359130382537842
G1801410,0.9747300744056702
G1800530,0.8270742297172546
G1801690,1.3259786367416382
G1801450,0.8096792697906494
G1800350,0.8199523687362671
G1800930,5.087765693664551
G1801010,6.209710597991943
G1800370,4.0920939445495605
G1800010,0.6086813807487488
G1801350,0.8748094439506531
G1800570,0.9253270030021667
G1800850,1.2129384279251099
G1800070,0.676405131816864
G1800890,0.9551069736480713
G1800430,5.74067497253418
G1801630,1.9367070198059082
G1800470,4.541645526885986
G1801490,0.5467902421951294
G1800490,1.0095561742782593
G1801670,1.4446773529052734
G1801790,0.5972326397895813
G1900490,1.9951781034469604
G1900010,3.52133846282959
G1900650,2.813030958175659
G1900630,1.272568941116333
G1901070,2.765850782394409
G1901090,0.9623572826385498
G1901590,3.4590883255004883
G1900150,1.884292721748352
G1901110,2.6084372997283936
G1901530,1.8718680143356323
G1900130,1.3851369619369507
G1900530,3.8442344665527344
G1900370,1.3383439779281616
G1901910,4.037464141845703
G1901470,0.9677024483680725
G1901950,0.912468433380127
G1900690,1.2054277658462524
G1900710,2.828885555267334
G1901650,3.854051113128662
G1900310,2.394671678543091
G1901290,3.4234204292297363
G1900210,1.256698727607727
G1900390,3.8268613815307617
G1900730,1.2634553909301758
G1900750,1.4010035991668701
G1900070,3.342677116394043
G1900330,1.0911749601364136
G1901830,2.358470916748047
G1901970,0.9283715486526489
G1900410,1.0738614797592163
G1901050,3.512890338897705
G1901350,4.345418930053711
G1901750,3.4058425426483154
G1901190,1.7197595834732056
G1901170,3.853861093521118
G1900110,2.0502471923828125
G1901030,2.704322099685669
G1900610,5.007333278656006
G1900970,5.467371463775635
G1901570,3.077241897583008
G1901490,2.961817741394043
G1901230,2.648529052734375
G1901510,0.8238243460655212
G1901310,1.0317813158035278
G1901790,3.043696165084839
G1900890,1.5235317945480347
G1900430,5.905723571777344
G1901810,3.3616223335266113
G1901410,1.1756471395492554
G1900050,7.2653021812438965
G1901710,2.7468066215515137
G1901930,3.6411638259887695
G1901670,1.7738726139068604
G1900670,1.1614370346069336
G1901210,3.6065027713775635
G1901130,2.301712989807129
G1900250,0.8828586935997009
G1900510,3.274627923965454
G1901330,3.392338991165161
G1901010,2.59340763092041
G1900590,1.325486660003662
G1900830,1.6671814918518066
G1900870,2.419379711151123
G1900470,4.408325672149658
G1900910,0.8850623369216919
G1900810,0.9567349553108215
G1901850,3.053739547729492
G1901770,3.164263963699341
G1900570,2.1249191761016846
G1901730,3.148388147354126
G1900170,1.2215421199798584
G1901370,3.358436107635498
G1901250,3.3358001708984375
G1900850,3.9949870109558105
G1900190,1.4480324983596802
G1901870,1.3399492502212524
G1900550,2.503986120223999
G1900230,1.3517602682113647
G1900930,3.145606279373169
G1901550,3.730609655380249
G1901150,1.6877213716506958
G1900290,3.4149112701416016
G1900090,4.054980278015137
G1900950,3.161486864089966
G1901690,1.2820475101470947
G1900030,3.4233651161193848
G1900450,2.4362809658050537
G1901610,1.6525442600250244
G1901430,1.048712134361267
G1900270,2.333513021469116
G1901630,2.0932958126068115
G1901270,2.3844707012176514
G1900770,3.7956130504608154
G1901390,1.758361577987671
G1900790,1.14595365524292
G1901890,1.3264495134353638
G1901450,3.2054083347320557
G1900350,2.2316508293151855
G1900990,2.973270893096924
G2101030,5.873307704925537
G2100330,4.027246475219727
G2100790,7.500990867614746
G2101450,1.5289521217346191
G2101750,13.789684295654297
G2100590,2.156822919845581
G2101870,8.654266357421875
G2101330,21.07210922241211
G2101630,4.89752197265625
G2100130,18.390289306640625
G2100630,13.850449562072754
G2101590,19.472108840942383
G2100990,6.167184829711914
G2102050,13.685052871704102
G2101350,13.447125434875488
G2100430,11.933813095092773
G2100210,5.89059591293335
G2100450,9.200342178344727
G2100350,2.4916818141937256
G2100490,6.044388771057129
G2101170,6.954603672027588
G2101290,13.900017738342285
G2100730,7.059359073638916
G2102270,3.9531078338623047
G2100810,8.545543670654297
G2102070,7.63095760345459
G2101370,6.2056884765625
G2101950,23.132741928100586
G2100370,7.592722415924072
G2101050,1.9782450199127197
G2101810,8.09284496307373
G2101150,17.5609073638916
G2102090,5.400310039520264
G2101890,16.427759170532227
G2100550,4.570124626159668
G2102170,6.131651878356934
G2100030,5.753035068511963
G2100390,2.3896336555480957
G2100190,11.324790000915527
G2102290,6.674592971801758
G2102210,4.473784923553467
G2100770,7.578432083129883
G2101910,8.743374824523926
G2100750,1.3030928373336792
G2102110,4.342202186584473
G2100090,4.346941947937012
G2101210,15.839022636413574
G2102030,11.324566841125488
G2100850,5.667703151702881
G2100890,11.598149299621582
G2100150,5.7989501953125
G2101090,12.511528968811035
G2102150,6.34212589263916
G2101850,4.693228721618652
G2101670,5.342160224914551
G2101770,4.043501377105713
G2100570,12.725870132446289
G2100710,21.35106658935547
G2100170,3.6355035305023193
G2102350,12.077319145202637
G2100070,1.6591037511825562
G2102310,11.216609954833984
G2100410,8.381211280822754
G2100950,21.981420516967773
G2102230,8.111855506896973
G2101430,4.240946292877197
G2100510,18.243608474731445
G2101390,3.7398335933685303
G2101230,5.176887035369873
G2101610,6.676839351654053
G2101410,3.21909499168396
G2101270,15.298491477966309
G2100530,8.898762702941895
G2100930,4.647116661071777
G2101250,8.74447250366211
G2102130,2.183122396469116
G2100290,6.846303462982178
G2100650,12.994914054870605
G2100670,2.962634325027466
G2100910,4.801080226898193
G2101530,17.030654907226562
G2101930,19.43009376525879
G2101070,2.9646356105804443
G2101110,2.9775643348693848
G2101970,13.634847640991211
G2100010,7.035750389099121
G2100610,7.287619113922119
G2101010,1.6300852298736572
G2100250,19.371915817260742
G2102010,9.09164047241211
G2100310,5.47794771194458
G2100690,7.482539176940918
G2100110,7.850120544433594
G2101310,21.24043846130371
G2100270,5.857555866241455
G2102190,3.493056297302246
G2101830,4.542349338531494
G2101490,1.9582699537277222
G2102250,2.2553553581237793
G2101650,14.674375534057617
G2101190,21.11072540283203
G2101730,6.0681867599487305
G2101510,6.9070143699646
G2100870,5.813823223114014
G2100830,2.202395439147949
G2101570,2.4426162242889404
G2101690,6.6920599937438965
G2102330,2.8009283542633057
G2102390,4.381868839263916
G2101130,5.236123085021973
G2101790,5.681369304656982
G2101550,7.142580032348633
G2102370,13.991598129272461
G2100470,3.285172700881958
G2100050,7.078265190124512
G2101710,7.554017066955566
G2100970,6.195866584777832
G2100230,9.310627937316895
G2101990,9.09804630279541
G2201190,1.6837705373764038
G2200950,0.12801004946231842
G2201110,2.4188754558563232
G2200050,0.30197563767433167
G2200550,0.3980034589767456
G2200710,0.34764695167541504
G2200730,1.568987250328064
G2201270,2.0007236003875732
G2200150,1.1927670240402222
G2201170,1.8062093257904053
G2200750,0.2146720588207245
G2201230,0.3766757845878601
G2200090,0.4347321093082428
G2200010,0.3029736280441284
G2200930,0.2054518610239029
G2200490,2.2647507190704346
G2200910,1.6068886518478394
G2200630,0.3232848048210144
G2200670,0.47403669357299805
G2200130,2.3890795707702637
G2200190,0.5250710844993591
G2200250,1.5441746711730957
G2201090,0.20021694898605347
G2200370,1.7121697664260864
G2200770,0.3966757357120514
G2200510,0.252312034368515
G2200690,2.1157374382019043
G2200990,0.2337636500597
G2200410,0.43694135546684265
G2201130,0.17230162024497986
G2201050,1.0515767335891724
G2201030,0.6067408323287964
G2200970,0.5042044520378113
G2200310,1.8366248607635498
G2200350,0.39566922187805176
G2201010,0.22079633176326752
G2200070,0.1184273213148117
G2200570,0.16332969069480896
G2200470,0.19607087969779968
G2200890,0.15986812114715576
G2201150,2.007768154144287
G2200610,3.0048067569732666
G2200430,1.978509783744812
G2200450,0.22502203285694122
G2200210,1.7383543252944946
G2200290,0.4767034947872162
G2200870,0.2636365592479706
G2200230,0.1654050350189209
G2200270,2.6866211891174316
G2200790,1.3888052701950073
G2200330,0.6083400845527649
G2200830,0.39103060960769653
G2200650,0.4206664562225342
G2201070,0.4648630917072296
G2200850,2.2772700786590576
G2200170,1.2232986688613892
G2201250,2.4698262214660645
G2200810,1.1254370212554932
G2201210,0.2597372233867645
G2300070,7.442643165588379
G2300170,7.572096824645996
G2300050,3.2152137756347656
G2300270,3.8913497924804688
G2300310,3.091555595397949
G2300130,4.113397121429443
G2300090,3.6918601989746094
G2300010,3.589456081390381
G2300150,3.7074708938598633
G2300250,4.262552738189697
G2300210,4.290356636047363
G2300110,3.228400707244873
G2300190,2.7773325443267822
G2300030,3.520347833633423
G2300230,3.634584665298462
G2300290,2.709819793701172
G2400190,0.3010580241680145
G2400210,5.2761640548706055
G2400350,0.9151793718338013
G2400270,4.1129865646362305
G2400290,1.4227683544158936
G2400130,4.890255451202393
G2400250,4.025430202484131
G2400470,0.46303194761276245
G2400450,0.459941565990448
G2400150,3.0369696617126465
G2400370,2.6944007873535156
G2400230,8.53972053527832
G2400330,3.096764326095581
G2400030,3.0405964851379395
G2400110,0.6515704989433289
G2400170,2.6688971519470215
G2400090,4.610647201538086
G2400310,3.762324094772339
G2400410,0.8582980036735535
G2400390,0.24040836095809937
G2400430,5.684127330780029
G2400050,4.593076705932617
G2405100,2.8698337078094482
G2400010,10.969379425048828
G2500010,2.58846116065979
G2500070,2.263521194458008
G2500230,1.9729113578796387
G2500090,3.021197557449341
G2500030,7.49436092376709
G2500270,4.283467769622803
G2500110,7.681818008422852
G2500210,2.7350711822509766
G2500190,1.4387011528015137
G2500150,5.497285842895508
G2500170,3.036240577697754
G2500050,1.6231961250305176
G2500250,2.4927186965942383
G2500130,5.320580005645752
G2600735,4.801553249359131
G2600110,0.7266491651535034
G2600350,1.7946596145629883
G2600170,0.39241141080856323
G2601210,1.3063054084777832
G2601130,1.6414834260940552
G2601550,0.9625090956687927
G2601110,0.5042502880096436
G2600490,1.1570308208465576
G2600510,0.8755823969841003
G2601390,1.2710554599761963
G2600130,2.9380104541778564
G2601070,2.138934850692749
G2601650,2.928651809692383
G2600450,1.31155264377594
G2600690,1.0901037454605103
G2601590,1.5488637685775757
G2601090,1.9300868511199951
G2600330,1.0952056646347046
G2600150,2.414311647415161
G2601150,0.45431163907051086
G2600850,2.276043176651001
G2601010,2.340557813644409
G2601250,1.784794569015503
G2601015,2.643472909927368
G2600370,1.1559070348739624
G2600750,1.6031956672668457
G2601530,0.8302835822105408
G2600030,1.9943790435791016
G2600270,1.8599861860275269
G2600590,1.6983616352081299
G2601170,1.4550389051437378
G2601610,1.7065770626068115
G2601470,0.6683019995689392
G2601290,1.9858875274658203
G2600570,0.5809744596481323
G2600410,1.0883768796920776
G2601350,2.4211478233337402
G2600950,1.2218824625015259
G2600770,1.7004988193511963
G2600550,2.6400210857391357
G2600710,2.478360414505005
G2601490,1.2981607913970947
G2600730,1.2564146518707275
G2600230,0.9916155934333801
G2600890,4.469025135040283
G2601410,1.3814055919647217
G2600090,3.329519271850586
G2601330,2.5655922889709473
G2600830,3.337083101272583
G2601230,1.9218604564666748
G2600310,1.7300527095794678
G2601310,2.8852548599243164
G2600390,1.97263503074646
G2600290,3.783764123916626
G2601050,1.7294678688049316
G2601190,2.3423898220062256
G2600210,1.8878885507583618
G2600630,0.5473580956459045
G2600910,1.1387494802474976
G2600990,0.6971851587295532
G2601630,0.7355019450187683
G2600610,2.724994421005249
G2600530,2.4706060886383057
G2601510,0.7290815711021423
G2601430,1.24312424659729
G2601270,2.3870797157287598
G2600650,1.134709119796753
G2600870,1.6377367973327637
G2600790,1.9733270406723022
G2601370,2.384754180908203
G2601030,2.9813196659088135
G2600070,1.1675297021865845
G2600050,1.6314738988876343
G2600810,2.2293624877929688
G2600970,1.1049177646636963
G2600010,2.2713093757629395
G2600190,2.8344264030456543
G2601570,0.7917064428329468
G2600250,1.4688295125961304
G2600930,1.7445281744003296
G2600670,1.712691068649292
G2601450,0.40709879994392395
G2600470,3.0304300785064697
G2701430,1.1204137802124023
G2700850,1.0341413021087646
G2700930,1.385459065437317
G2700350,1.5286040306091309
G2700650,1.2825125455856323
G2701110,1.8351114988327026
G2701270,1.0054787397384644
G2701690,7.951613903045654
G2701330,1.4016259908676147
G2700510,1.1122422218322754
G2700270,0.7749547362327576
G2700690,0.2385595291852951
G2701010,1.3464571237564087
G2700730,1.052880048751831
G2701670,0.299160897731781
G2701530,1.515213131904602
G2701290,1.019422173500061
G2700090,0.940496563911438
G2701150,1.2003735303878784
G2701730,1.1822926998138428
G2701170,1.2879185676574707
G2700590,1.213854193687439
G2700010,0.8821207880973816
G2700470,1.260226845741272
G2700890,0.2517585754394531
G2700210,1.4818423986434937
G2701450,1.5480316877365112
G2700310,4.2695794105529785
G2700030,1.065986156463623
G2701590,0.8204744458198547
G2700070,0.6289642453193665
G2700410,1.683961033821106
G2701470,1.2605904340744019
G2700430,1.0073373317718506
G2700150,1.1952441930770874
G2701370,2.083719491958618
G2700490,3.800171136856079
G2700390,1.2764376401901245
G2701070,0.8824977278709412
G2701510,0.8170028924942017
G2700170,1.5572004318237305
G2700950,0.8325002193450928
G2701190,0.501105010509491
G2700750,2.8111085891723633
G2700790,1.959549903869629
G2700670,1.3156373500823975
G2701570,5.533938884735107
G2701550,0.40079325437545776
G2700130,1.4709361791610718
G2701710,1.8287420272827148
G2700530,2.0126023292541504
G2700450,4.506106853485107
G2700570,2.1943297386169434
G2700610,0.9680933952331543
G2700830,1.30250084400177
G2700230,0.9180948138237
G2701050,1.0752366781234741
G2701410,1.2463237047195435
G2700970,1.3064789772033691
G2700910,1.0523008108139038
G2700370,2.055285692214966
G2700330,1.2104310989379883
G2701030,1.4947879314422607
G2700990,0.9149195551872253
G2701210,1.610875129699707
G2700190,1.9472172260284424
G2701390,2.3458127975463867
G2700050,1.8618730306625366
G2700810,1.7329875230789185
G2701490,0.8676100373268127
G2700110,0.9356125593185425
G2701650,0.8728278875350952
G2700550,8.728049278259277
G2701610,1.2975387573242188
G2701230,1.9685375690460205
G2701310,2.2655060291290283
G2701630,2.449323892593384
G2701090,3.2101759910583496
G2700250,1.419561743736267
G2700630,1.0379977226257324
G2800170,1.8981560468673706
G2801510,0.3372979760169983
G2800890,1.7239891290664673
G2801370,2.360325813293457
G2800910,2.6510753631591797
G2800510,2.372101068496704
G2801530,2.869633197784424
G2800450,1.025354266166687
G2801030,1.3510311841964722
G2800250,1.389427900314331
G2801170,3.3304977416992188
G2800930,2.8964319229125977
G2800190,3.1859593391418457
G2801130,2.312227725982666
G2801350,1.421265721321106
G2800950,2.416944742202759
G2800670,2.2939183712005615
G2800030,3.566950559616089
G2801490,3.228630304336548
G2801190,0.28750675916671753
G2800850,2.583468437194824
G2800630,3.946831703186035
G2800290,3.0860774517059326
G2801110,2.3709895610809326
G2800110,0.3717847466468811
G2800750,4.032835960388184
G2801070,2.4130258560180664
G2801390,4.3766303062438965
G2800090,3.8779075145721436
G2801150,2.641674280166626
G2801550,3.1721739768981934
G2800690,2.9028918743133545
G2800150,3.5138816833496094
G2800870,1.1717078685760498
G2801090,2.2592639923095703
G2800430,2.8190267086029053
G2801250,0.2646188735961914
G2800210,3.942903518676758
G2800990,2.8403899669647217
G2801010,2.835930109024048
G2801590,2.854008913040161
G2800330,1.8686496019363403
G2800310,2.6068742275238037
G2801430,0.39459922909736633
G2801610,3.45710825920105
G2800050,2.5037240982055664
G2801630,1.9595140218734741
G2800270,0.4076208174228668
G2800470,1.8126250505447388
G2800550,0.5219485759735107
G2801330,0.36990201473236084
G2800410,2.6022207736968994
G2800970,3.5826263427734375
G2800590,1.3098289966583252
G2801410,4.4817986488342285
G2800830,0.3129584491252899
G2800570,3.933182716369629
G2800490,2.385864734649658
G2801210,1.8004902601242065
G2800790,2.7688937187194824
G2800070,3.1288132667541504
G2801450,3.066467761993408
G2800370,3.8458847999572754
G2800810,2.1357805728912354
G2800010,3.537468910217285
G2801050,1.7126151323318481
G2800710,3.5277600288391113
G2800230,3.118760108947754
G2800610,2.7781074047088623
G2800770,2.7846343517303467
G2801270,2.9487404823303223
G2801290,2.9657678604125977
G2800130,2.8044166564941406
G2801570,4.000884532928467
G2801230,1.652194857597351
G2901950,2.4188876152038574
G2902110,4.019067764282227
G2901470,3.1732912063598633
G2902210,6.218821048736572
G2900290,6.630470275878906
G2900890,3.8105039596557617
G2901530,6.969094753265381
G2901450,2.7285594940185547
G2900250,2.8413004875183105
G2900930,7.733068466186523
G2900190,3.732530355453491
G2902250,3.972031593322754
G2900510,4.930456638336182
G2902170,1.506497859954834
G2901670,3.1977343559265137
G2900210,3.620877742767334
G2901010,2.376508951187134
G2900010,3.915592908859253
G2902010,1.2924740314483643
G2900850,3.870490074157715
G2900670,6.991543769836426
G2901750,2.6660056114196777
G2901890,4.2018141746521
G2902270,3.725660562515259
G2901650,3.6966769695281982
G2900530,3.437828540802002
G2901630,3.446316719055176
G2900910,3.977510929107666
G2902090,8.085719108581543
G2900430,6.457634449005127
G2902230,6.39301872253418
G2901130,3.3051443099975586
G2901870,4.5725297927856445
G2901770,3.11574387550354
G2901270,2.8157122135162354
G2900710,5.138605117797852
G2900730,5.429507255554199
G2901790,8.605734825134277
G2900050,3.10963773727417
G2900690,0.37000930309295654
G2902030,8.097651481628418
G2901170,2.183828353881836
G2900310,3.906315803527832
G2900970,1.4657883644104004
G2900630,2.881129503250122
G2900590,4.019524097442627
G2901030,2.3375511169433594
G2901570,4.657101631164551
G2901810,4.500361442565918
G2901550,0.2572379410266876
G2901590,2.2050859928131104
G2900150,4.172480583190918
G2900950,3.1834466457366943
G2902050,1.8528225421905518
G2901970,3.9358022212982178
G2901730,2.842918634414673
G2901490,5.625298500061035
G2901210,3.080278158187866
G2902190,5.439180374145508
G2901610,5.507837772369385
G2901150,2.681828022003174
G2901430,0.23548515141010284
G2900990,6.727034091949463
G2900770,2.9367833137512207
G2900490,2.741490364074707
G2900550,5.732555866241455
G2900650,5.322274208068848
G2901990,2.7426202297210693
G2900470,3.1792984008789062
G2900450,2.6641712188720703
G2900610,2.747349262237549
G2902070,1.0352338552474976
G2900090,6.333072662353516
G2902150,5.078969478607178
G2901110,2.7275612354278564
G2900790,2.641284704208374
G2900390,2.9342856407165527
G2901310,5.875044822692871
G2902130,8.1091461181640625
G2901370,2.1813225746154785
G2901050,4.4210100173950195
G2900750,3.201566457748413
G2900870,2.7814810276031494
G2900410,1.9158421754837036
G2900170,4.916995525360107
G2901090,2.3236207962036133
G2901850,3.2285773754119873
G2905100,1.916732907295227
G2900350,7.237759113311768
G2900810,3.415313720703125
G2900070,1.177161455154419
G2901350,3.868086099624634
G2900330,2.049635410308838
G2901860,6.42318058013916
G2901690,6.395717620849609
G2900570,2.5350449085235596
G2901330,0.31218868494033813
G2900130,1.7279876470565796
G2902290,4.879828453063965
G2900110,1.2355599403381348
G2901290,3.9260008335113525
G2901830,2.755457878112793
G2901230,6.626364707946777
G2900270,3.9362590312957764
G2900830,1.937605619430542
G2900030,3.543332576751709
G2901190,6.757481098175049
G2900230,2.065196990966797
G2901510,6.223204135894775
G2901390,3.3653104305267334
G2901410,4.809076309204102
G2901250,5.097046375274658
G2901070,2.76214337348938
G2901710,4.3493428230285645
G2900370,2.0112757682800293
G3001110,4.473888397216797
G3000930,12.524706840515137
G3000490,12.703544616699219
G3000210,3.4441685676574707
G3000670,13.933758735656738
G3000010,10.69843864440918
G3000590,10.076558113098145
G3000270,5.474052906036377
G3000230,15.456497192382812
G3000430,10.483827590942383
G3000170,5.862126350402832
G3000630,17.063385009765625
G3000570,11.284492492675781
G3000310,12.351249694824219
G3000130,7.312851905822754
G3000150,4.085556507110596
G3200250,11.056877136230469
G3200230,7.075965404510498
G3200310,7.589715003967285
G3200190,6.571669101715088
G3200010,6.748481273651123
G3200170,8.368885040283203
G3200090,8.425583839416504
G3200110,6.8613386154174805
G3200330,8.377288818359375
G3200070,7.681028366088867
G3200150,7.573400974273682
G3200290,13.04642105102539
G3200050,9.887134552001953
G3200130,6.781039237976074
G3300010,5.272402286529541
G3300170,3.7644033432006836
G3300190,7.288541316986084
G3300150,3.0242650508880615
G3300110,4.900815963745117
G3300030,7.771449565887451
G3300050,6.7113823890686035
G3300090,10.007391929626465
G3300130,5.722339630126953
G3300070,8.972616195678711
G3400410,5.830168724060059
G3400170,1.7967356443405151
G3400010,0.6395899057388306
G3400270,4.624274730682373
G3400090,0.4656040072441101
G3400370,5.744650363922119
G3400390,1.8552030324935913
G3400190,4.162342548370361
G3400070,1.2066214084625244
G3400250,1.849188208580017
G3400130,2.6700828075408936
G3400110,0.8426769971847534
G3400330,0.9442381262779236
G3400150,1.2161743640899658
G3400050,0.9301511645317078
G3400210,1.7795767784118652
G3400030,3.112107276916504
G3400290,0.9805111289024353
G3400230,1.4133862257003784
G3400310,5.788893222808838
G3400350,2.8985373973846436
G3600030,6.729671478271484
G3600130,3.586669683456421
G3600650,3.1985061168670654
G3600770,7.116493225097656
G3601110,8.44122314453125
G3600390,9.245116233825684
G3601170,2.819423198699951
G3601070,6.940774440765381
G3600270,5.671994686126709
G3600610,2.5343971252441406
G3600150,7.624560356140137
G3600990,1.5697699785232544
G3600850,2.4522705078125
G3600490,3.0448765754699707
G3600250,10.61092758178711
G3601010,7.431893348693848
G3600550,1.6845475435256958
G3600690,3.896577835083008
G3600410,8.137641906738281
G3600670,3.759186029434204
G3600230,6.744548320770264
G3600870,6.254926681518555
G3600170,5.844381809234619
G3600530,5.028499603271484
G3600290,2.2619082927703857
G3600430,5.233397006988525
G3600470,0.9226828217506409
G3600830,6.382070541381836
G3600110,3.0028183460235596
G3600350,4.580171585083008
G3600810,1.5097678899765015
G3601050,6.500888824462891
G3601130,8.939753532409668
G3600210,5.889951705932617
G3600790,7.901913166046143
G3600970,5.554898262023926
G3600010,4.510055065155029
G3600910,4.254354953765869
G3600370,1.605286955833435
G3600750,2.1636297702789307
G3600890,3.292792797088623
G3600090,7.3121161460876465
G3601030,1.617997407913208
G3601210,3.456977367401123
G3600510,3.830639600753784
G3600950,7.743334770202637
G3600330,4.809717178344727
G3601090,4.926060199737549
G3601150,7.0466132164001465
G3601190,5.439189434051514
G3601230,4.020642280578613
G3600930,3.7477481365203857
G3600570,3.912599563598633
G3600730,0.9770100712776184
G3600630,0.8107861280441284
G3600190,3.376668930053711
G3600710,5.443454265594482
G3600070,6.930418491363525
G3600450,2.08021879196167
G3600310,9.993199348449707
G3701710,7.197185516357422
G3701930,11.14190673828125
G3701430,0.30558544397354126
G3701190,2.906104803085327
G3701770,0.10045742243528366
G3700770,2.9360904693603516
G3700350,4.370617866516113
G3701410,0.4621102213859558
G3701610,8.53563404083252
G3700810,3.186404228210449
G3701590,2.942081928253174
G3700910,0.799301028251648
G3700730,0.41431117057800293
G3701110,14.488532066345215
G3701130,17.511960983276367
G3701890,15.557965278625488
G3701730,21.882108688354492
G3701490,9.784825325012207
G3700850,2.503215789794922
G3701550,0.5309938788414001
G3700690,2.7442519664764404
G3701570,4.834218978881836
G3700890,10.963053703308105
G3701290,0.7583330869674683
G3700510,1.5645949840545654
G3700090,14.508326530456543
G3701330,0.6853624582290649
G3701010,1.6534658670425415
G3700750,20.11042594909668
G3700570,3.757380962371826
G3700450,4.702064514160156
G3700790,0.7890146970748901
G3701250,3.2378389835357666
G3700630,3.124871015548706
G3700170,0.6029496192932129
G3700310,0.3594353497028351
G3701070,0.6812512874603271
G3701810,3.2017555236816406
G3701630,0.9062768816947937
G3700070,3.2556700706481934
G3701530,2.4004294872283936
G3700950,0.10790812969207764
G3700530,0.35816866159439087
G3700010,3.122164249420166
G3700550,0.13668125867843628
G3700990,18.350433349609375
G3700190,0.5883816480636597
G3701910,0.9258030652999878
G3701310,1.06955885887146
G3701690,6.895700931549072
G3700970,4.233878135681152
G3701230,4.706624507904053
G3700870,19.41514015197754
G3700590,3.59509015083313
G3700830,1.4645745754241943
G3701870,0.21007327735424042
G3700670,4.36041784286499
G3701990,18.808523178100586
G3700610,0.7769054770469666
G3700430,16.65229034423828
G3701170,0.6159713268280029
G3701970,4.648385047912598
G3700470,0.4424760937690735
G3700270,12.585598945617676
G3701090,3.9046342372894287
G3701470,0.5247830748558044
G3700490,0.4083898067474365
G3700230,10.074109077453613
G3700210,14.065423965454102
G3700050,10.890609741210938
G3701150,18.679187774658203
G3701270,1.7009080648422241
G3701390,0.18736796081066132
G3700650,0.7826571464538574
G3701850,2.9016246795654297
G3700130,0.4056183993816376
G3701450,3.4944844245910645
G3700410,0.44665661454200745
G3700370,3.2113723754882812
G3701510,4.365421295166016
G3700330,4.891587257385254
G3700150,0.5432592034339905
G3701370,0.2707807421684265
G3700290,0.14557988941669464
G3701830,3.1382596492767334
G3700710,3.98777437210083
G3701350,3.217667818069458
G3700250,3.326241970062256
G3701030,0.41144847869873047
G3700030,7.253666877746582
G3701950,0.9392213821411133
G3701670,3.8181216716766357
G3700390,15.15026569366455
G3701790,2.5704455375671387
G3701210,17.20589828491211
G3701750,14.691004753112793
G3800915,1.8629910945892334
G3800170,0.464240163564682
G3800190,1.145667552947998
G3800790,1.4850053787231445
G3800810,0.854179859161377
G3800990,0.7241274118423462
G3800195,1.6275482177734375
G3800975,4.597464084625244
G3800930,1.5889768600463867
G3800350,0.5731525421142578
G3800310,0.8932989239692688
G3800950,0.7694031000137329
G3801051,4.467677116394043
G3800270,1.211207628250122
G3800531,7.778132438659668
G3800890,2.5675854682922363
G3800973,1.664997935295105
G3800490,0.757667601108551
G3800910,1.0368080139160156
G3800015,3.9639759063720703
G3800290,2.5298478603363037
G3800690,1.2522873878479004
G3800411,2.0225226879119873
G3800470,2.050163984298706
G3800970,0.3757674992084503
G3800050,1.3467450141906738
G3800030,1.1484497785568237
G3800315,1.5802803039550781
G3800111,2.416827440261841
G3800611,2.1487796306610107
G3800295,2.028792142868042
G3800590,3.245680570602417
G3800550,1.87936270236969
G3800390,1.2379313707351685
G3800450,1.0832750797271729
G3800650,3.1061010360717773
G3800831,2.1174027919769287
G3800115,2.2035584449768066
G3801010,1.8038824796676636
G3800070,4.813907146453857
G3800710,0.744914710521698
G3800730,1.073440670967102
G3800751,0.7273948192596436
G3800670,0.4004948139190674
G3800210,1.0337175130844116
G3800630,1.002687931060791
G3800430,1.6248505115509033
G3800251,5.009316444396973
G3809975,3.2135229110717773
G3800090,1.003397822380066
G3801030,1.0882624387741089
G3800510,1.706419825553894
G3800770,0.5111401677131653
G3800570,2.892143726348877
G3800150,1.9277268648147583
G3901490,1.007781982421875
G3901450,10.626899719238281
G3901090,1.008266806602478
G3900950,0.6658204793930054
G3901530,2.757643461227417
G3900530,8.6714506149292
G3901710,1.0081785917282104
G3900930,1.003836989402771
G3900210,1.4629696607589722
G3900070,1.2795720100402832
G3901330,1.841545820236206
G3901050,8.944043159484863
G3900830,3.7859671115875244
G3900390,0.6229951977729797
G3901670,9.768989562988281
G3900170,2.5390777587890625
G3900030,0.7362440228462219
G3900330,0.8921342492103577
G3901130,1.600089430809021
G3900690,0.36186131834983826
G3901510,3.047199249267578
G3900230,1.3533577919006348
G3901370,0.31689831614494324
G3900430,1.0296504497528076
G3900310,7.681414604187012
G3900570,1.586963415145874
G3900730,9.601823806762695
G3901310,8.407733917236328
G3901070,0.6732861995697021
G3900550,2.2294909954071045
G3901230,0.45490562915802
G3901030,1.8967489004135132
G3900110,0.7479494214057922
G3900750,6.182647228240967
G3900710,2.617795467376709
G3901630,9.63818359375
G3901730,0.34278151392936707
G3901270,6.323132514953613
G3900350,2.2016305923461914
G3900870,11.487899780273438
G3901210,9.49193286895752
G3900370,0.815954864025116
G3901610,0.353794664144516
G3901350,1.5477334260940552
G3901190,6.923020362854004
G3900790,7.439167499542236
G3901410,5.364855766296387
G3900890,3.6709563732147217
G3900670,8.459847450256348
G3901110,12.369464874267578
G3901010,0.6270446181297302
G3901590,0.78179168701171875
G3900150,3.2635152339935303
G3900250,3.1755950450897217
G3901650,2.310194253921509
G3901150,8.604838371276855
G3900910,1.6355763673782349
G3901290,1.118085265159607
G3900050,3.0152995586395264
G3901390,2.8898415565490723
G3900490,1.1110494136810303
G3900270,1.233055830001831
G3900090,8.98943042755127
G3900510,0.5475786328315735
G3900850,2.281226873397827
G3900190,6.983114242553711
G3900810,9.914758682250977
G3901470,0.8116583824157715
G3900290,5.511865615844727
G3901430,0.5013030171394348
G3900650,0.7298558354377747
G3900130,9.98333740234375
G3900590,7.762753963470459
G3900610,4.616936206817627
G3900970,0.6767969131469727
G3900410,1.1146126985549927
G3900470,0.7696874141693115
G3901170,1.4840376377105713
G3900010,7.5205254554748535
G3900770,1.0896965265274048
G3900630,0.5716866254806519
G3901550,1.2180290222167969
G3901690,2.3911640644073486
G3900990,1.9141844511032104
G3900450,3.26054048538208
G3901570,7.854757785797119
G3901750,0.9603568315505981
G3901250,0.31982728838920593
G4100090,9.463580131530762
G4100590,9.75326919555664
G4100710,9.024304389953613
G4100130,7.080554962158203
G4100050,12.618597984313965
G4100110,17.219989776611328
G4100510,8.827345848083496
G4100470,9.843361854553223
G4100150,20.644933700561523
G4100550,8.12160587310791
G4100530,9.247570037841797
G4100030,14.659281730651855
G4100390,16.101062774658203
G4100010,12.606403350830078
G4100230,12.590254783630371
G4100070,11.715826034545898
G4100450,6.475645542144775
G4100370,4.6030731201171875
G4100490,7.218035697937012
G4100250,5.283438682556152
G4100430,12.161126136779785
G4100630,18.10255241394043
G4100570,19.311012268066406
G4100670,8.390592575073242
G4100650,10.863041877746582
G4100210,11.113632202148438
G4100190,18.293912887573242
G4100330,20.37923812866211
G4100290,13.961368560791016
G4100350,5.2769455909729
G4100610,12.589003562927246
G4200070,8.307647705078125
G4200030,8.647249221801758
G4200790,6.479423999786377
G4201090,7.745809078216553
G4200970,7.468128681182861
G4200770,5.069783687591553
G4200850,2.6234240531921387
G4200050,9.343160629272461
G4200010,4.149056434631348
G4201170,8.94245433807373
G4200950,4.905520439147949
G4201110,7.280759334564209
G4200090,9.76113224029541
G4200170,2.9946532249450684
G4200230,14.796844482421875
G4201150,7.79318904876709
G4200530,6.880483150482178
G4200330,7.342102527618408
G4200730,4.488692283630371
G4200390,2.734175682067871
G4200670,9.03587818145752
G4200490,2.803736925125122
G4201130,8.639569282531738
G4200310,6.631581783294678
G4201010,2.239030361175537
G4200450,3.9400997161865234
G4201250,9.101554870605469
G4200270,8.318902015686035
G4200430,6.325133800506592
G4200750,4.524869441986084
G4200110,5.661258697509766
G4201270,6.067314147949219
G4200130,9.283753395080566
G4200370,8.131940841674805
G4200990,8.978681564331055
G4200830,8.68997859954834
G4200410,4.758914947509766
G4200290,4.48852014541626
G4200630,7.681999683380127
G4201290,7.980001449584961
G4200210,6.957352161407471
G4200150,7.467194080352783
G4201230,7.455172061920166
G4200510,8.82507610321045
G4200810,10.85899829864502
G4200470,7.907198905944824
G4200910,3.3322179317474365
G4200650,6.932312488555908
G4201310,8.72579574584961
G4200870,9.824910163879395
G4200590,12.656768798828125
G4201190,7.409427642822266
G4201330,5.6814188957214355
G4200250,6.858065128326416
G4201050,12.166192054748535
G4200690,6.058770179748535
G4200710,3.8968029022216797
G4201030,5.167590141296387
G4201210,5.94987154006958
G4200350,11.436938285827637
G4200190,6.2872700691223145
G4201070,8.061714172363281
G4200610,9.749828338623047
G4200930,6.207437515258789
G4200890,5.0492682456970215
G4200570,9.050947189331055
G4200550,6.055990695953369
G4400050,2.359375
G4400090,2.4442152976989746
G4400070,3.0717742443084717
G4400010,1.6755316257476807
G4400030,2.724661111831665
G4500150,0.4945280849933624
G4500490,0.5508124828338623
G4500410,0.6093137860298157
G4500790,2.115041494369507
G4500370,2.877345323562622
G4500010,3.421515464782715
G4500390,4.495095729827881
G4500590,3.6653411388397217
G4500870,4.790986061096191
G4500850,0.9210427403450012
G4500290,0.5133416652679443
G4500230,3.9283573627471924
G4500690,0.9728400707244873
G4500890,0.43140488862991333
G4500130,0.5004114508628845
G4500450,6.411657810211182
G4500110,1.234434723854065
G4500670,0.46061381697654724
G4500750,1.2776697874069214
G4500270,0.5427517294883728
G4500190,0.4389485716819763
G4500630,2.4573261737823486
G4500770,8.008722305297852
G4500070,3.367415428161621
G4500910,3.773562431335449
G4500310,0.8635502457618713
G4500430,0.4704192280769348
G4500250,2.5779807567596436
G4500570,3.7513484954833984
G4500710,3.165297031402588
G4500550,2.605339288711548
G4500510,0.5370118618011475
G4500030,2.4445607662200928
G4500730,7.831767559051514
G4500830,4.065236568450928
G4600230,2.185382127761841
G4600235,2.8619110584259033
G4601350,1.8069051504135132
G4600610,0.9042565822601318
G4601090,1.4409772157669067
G4600210,2.0374338626861572
G4600810,9.535759925842285
G4601277,2.8525547981262207
G4600370,1.5434125661849976
G4600050,0.7798070311546326
G4600510,1.4571384191513062
G4600170,2.3270981311798096
G4601113,2.850266456604004
G4600690,1.4419118165969849
G4600850,4.394975185394287
G4600095,3.221365451812744
G4600955,3.4505608081817627
G4601073,3.7964935302734375
G4601310,3.965392827987671
G4600390,1.6828585863113403
G4600150,1.7645468711853027
G4601250,1.0167795419692993
G4601130,4.753843784332275
G4600455,3.334676504135132
G4600090,1.5763510465621948
G4600130,0.6159490942955017
G4601010,1.3541345596313477
G4601150,0.5928837060928345
G4600835,3.097848653793335
G4600711,3.354722738265991
G4600030,0.826068639755249
G4600790,1.3260107040405273
G4600190,2.4905781745910645
G4600915,3.2279629707336426
G4600330,6.961989879608154
G4600470,4.124418258666992
G4600530,4.537398815155029
G4601265,3.0167012214660645
G4601070,1.5649125576019287
G4600350,0.8747333288192749
G4600830,1.2615588903427124
G4600270,0.8149824142456055
G4601175,4.384431838989258
G4600770,0.9951649904251099
G4600631,3.1377906799316406
G4600490,0.9729483723640442
G4600430,0.9547753930091858
G4601077,3.7260780334472656
G4601375,4.056579113006592
G4601079,2.7678754329681396
G4600450,1.1226130723953247
G4600970,0.82443767786026
G4600730,1.675186276435852
G4601290,1.9528708457946777
G4600930,3.9576845169067383
G4601117,3.6616194248199463
G4600110,1.345832347869873
G4600590,1.106564998626709
G4601110,0.7988848686218262
G4600570,1.2003941535949707
G4601190,1.2563689947128296
G4600890,1.3873913288116455
G4600870,1.1220691204071045
G4601030,7.133326530456543
G4601330,4.574138164520264
G4601075,2.8930304050445557
G4600990,1.8489034175872803
G4601270,1.8378539085388184
G4601170,4.1188507080078125
G4600250,1.3139610290527344
G4600670,1.0854966640472412
G4601230,2.638056516647339
G4600650,1.842628002166748
G4600910,1.624809741973877
G4600410,3.496628999710083
G4601215,6.113221645355225
G4601015,2.8940114974975586
G4600290,1.3609120845794678
G4600375,2.8969459533691406
G4700875,5.474981784820557
G4700590,8.967350959777832
G4700070,7.352736473083496
G4701510,13.490463256835938
G4701590,10.096646308898926
G4700770,3.871532678604126
G4701470,3.478524684906006
G4700630,6.415144443511963
G4700930,6.5149827003479
G4700650,7.195385932922363
G4701310,2.3379223346710205
G4700210,8.345005989074707
G4701670,1.9925953149795532
G4701230,12.398181915283203
G4700130,15.07940673828125
G4701350,9.907990455627441
G4701830,2.0572335720062256
G4700730,12.028541564941406
G4701630,10.522500038146973
G4700370,6.3507184982299805
G4701550,15.036008834838867
G4701730,11.250653266906738
G4700090,13.44705581665039
G4701650,5.238389015197754
G4700350,6.553861618041992
G4700670,15.729044914245605
G4700550,7.296692848205566
G4701450,8.34819507598877
G4701030,6.005496978759766
G4700470,2.0613484382629395
G4700790,3.250013828277588
G4700250,13.915770530700684
G4701290,10.489994049072266
G4700490,9.084818840026855
G4701170,4.855185031890869
G4701010,7.908489227294922
G4701690,7.247960567474365
G4700230,3.411567449569702
G4701110,8.99306583404541
G4700710,4.809780120849609
G4701790,8.204244613647461
G4700330,1.471717357635498
G4700970,1.8773843050003052
G4701410,9.176827430725098
G4700750,1.3088144063949585
G4701530,8.191096305847168
G4700950,0.394492506980896
G4700910,16.17713737487793
G4701430,6.9044342041015625
G4701130,2.478532552719116
G4701210,5.761496067047119
G4701190,5.971386909484863
G4701810,8.38481330871582
G4700990,5.001427173614502
G4700830,7.336420059204102
G4700290,14.60356616973877
G4700170,3.1649329662323
G4700270,12.052678108215332
G4700690,3.199190378189087
G4700890,6.4737348556518555
G4701370,11.08004093170166
G4700410,10.686501502990723
G4701070,6.42396354675293
G4700610,6.972926139831543
G4700430,6.184526443481445
G4701610,6.494393825531006
G4700190,16.181415557861328
G4700870,14.309086799621582
G4700850,7.097604274749756
G4701250,4.539483070373535
G4700390,5.264260292053223
G4701490,2.789130926132202
G4701390,13.453370094299316
G4701890,4.333705425262451
G4701050,5.958165168762207
G4700150,9.698134422302246
G4701570,1.6373486518859863
G4700450,1.2764973640441895
G4701850,7.13550329208374
G4700030,4.080489635467529
G4700310,3.7775237560272217
G4700110,5.1945085525512695
G4701710,19.581525802612305
G4701750,7.239819526672363
G4700530,1.755327820777893
G4701330,9.4867706298828125
G4700510,6.4650654792785645
G4701090,3.589488983154297
G4701870,6.195061683654785
G4700810,8.220057487487793
G4700570,10.68823528289795
G4700050,4.774658203125
G4701270,8.127509117126465
G4701770,5.202602386474609
G4701150,9.954874992370605
G4700010,12.900677680969238
G4801450,1.0960197448730469
G4804390,1.7197107076644897
G4800350,2.620692014694214
G4803270,1.87411630153656
G4804070,1.653104305267334
G4800590,2.04581356048584
G4802130,2.002485752105713
G4802950,2.0182058811187744
G4800497,6.214425563812256
G4804050,2.4172253608703613
G4803710,3.510427951812744
G4800210,1.9622740745544434
G4804350,2.6974997520446777
G4801390,1.4328014850616455
G4804970,2.3074564933776855
G4804950,0.6344881057739258
G4800890,0.9495777487754822
G4803450,2.4761428833007812
G4801430,2.4987967014312744
G4801190,0.9311705231666565
G4803290,0.5743705034255981
G4800810,3.261399269104004
G4803310,1.558275580406189
G4802310,1.012083649635315
G4803790,1.180448293685913
G4801610,1.8089450597763062
G4801070,1.401947259902954
G4801150,0.7418338656425476
G4801730,0.810637891292572
G4800830,1.761965274810791
G4801490,1.5623198747634888
G4801790,2.278027057647705
G4803750,2.8401901721954346
G4804210,0.7028143405914307
G4804010,2.6286163330078125
G4801970,1.4753563404083252
G4800390,0.28056302666664124
G4801770,1.416137456893921
G4804110,2.8038249015808105
G4801810,1.891512393951416
G4803470,2.7023611068725586
G4800170,0.6125258207321167
G4802030,2.0640981197357178
G4805030,1.8456097841262817
G4803510,1.9069745540618896
G4802350,2.1889195442199707
G4800950,1.2553952932357788
G4800110,3.5393459796905518
G4801750,1.0018795728683472
G4803250,2.3506906032562256
G4803650,1.6010870933532715
G4802690,2.7060482501983643
G4800230,1.4213391542434692
G4802570,0.981376051902771
G4800610,0.4171144366264343
G4803330,2.5618512630462646
G4801010,2.336538553237915
G4803890,1.0018084049224854
G4801850,1.4717377424240112
G4802410,1.6282343864440918
G4803530,2.515519380569458
G4802330,2.457475185394287
G4804230,2.643357753753662
G4804810,0.25375646352767944
G4803970,1.1901860237121582
G4801690,2.0313656330108643
G4801370,5.742002964019775
G4801050,3.752784252166748
G4802390,0.3063790202140808
G4804670,1.533305287361145
G4801830,2.24131178855896
G4805010,0.518936038017273
G4801570,0.4340508282184601
G4804450,0.5670363306999207
G4801310,1.0684293508529663
G4802790,0.5839377641677856
G4804590,2.758723497390747
G4800370,1.0571953058242798
G4802910,0.37924250960350037
G4804150,1.6775314807891846
G4803410,1.3535288572311401
G4800150,1.3911019563674927
G4803230,1.0100626945495605
G4802710,2.503164291381836
G4800450,3.8926703929901123
G4801950,1.0518088340759277
G4800310,3.896944284439087
G4804090,0.3669698238372803
G4801890,0.41705331206321716
G4802930,1.2073553800582886
G4804790,1.298466444015503
G4804770,1.931376576423645
G4803570,1.1430799961090088
G4801510,1.5847723484039307
G4800670,2.701685905456543
G4800990,2.6561875343322754
G4802370,2.5914623737335205
G4804570,2.1380844116210938
G4803010,0.8441847562789917
G4801870,1.5224539041519165
G4804190,2.4947593212127686
G4800910,3.839752674102783
G4802430,8.044588088989258
G4802010,0.508454442024231
G4803110,1.0591803789138794
G4804710,1.719693660736084
G4800070,0.28957778215408325
G4801650,0.6045433282852173
G4801030,0.7085351943969727
G4802450,0.15645039081573486
G4801210,1.4281904697418213
G4801910,2.885256767272949
G4800330,1.5968351364135742
G4800130,1.1436721086502075
G4804990,2.019031286239624
G4802810,2.8044991493225098
G4800650,1.2533930540084839
G4802190,0.4632777273654938
G4801170,0.6742197275161743
G4803050,0.5361514687538147
G4802670,3.7857067584991455
G4802650,4.496911525726318
G4801470,1.2989988327026367
G4804750,0.5681889653205872
G4802150,0.45151054859161377
G4803870,1.02492356300354
G4804410,1.9619827270507812
G4801990,0.49642637372016907
G4800030,0.5967297554016113
G4803670,2.41477632522583
G4800010,2.7309253215789795
G4801110,0.6321940422058105
G4804270,0.7299967408180237
G4804690,0.5392407178878784
G4802870,1.580485463142395
G4800290,2.2486202716827393
G4802050,1.249595046043396
G4803350,1.3452887535095215
G4803030,0.5445456504821777
G4802510,1.7966468334197998
G4801270,0.8787509799003601
G4800270,2.06132435798645
G4802250,1.8450994491577148
G4804030,2.262322187423706
G4803690,0.5355924367904663
G4800630,1.9272589683532715
G4803770,6.189645290374756
G4803950,1.5283695459365845
G4800970,2.368955373764038
G4804330,2.134401798248291
G4803810,1.3917344808578491
G4800570,0.2489032745361328
G4800850,1.47642982006073
G4803210,0.2542969286441803
G4800730,2.9231419563293457
G4802890,2.156177282333374
G4803150,2.3124277591705322
G4801130,1.4483228921890259
G4803370,2.391580820083618
G4800190,8.645987510681152
G4803090,1.46857750415802
G4803730,1.8402612209320068
G4803070,1.7754347324371338
G4800930,1.9761512279510498
G4802770,1.1875470876693726
G4803130,1.0665037631988525
G4802270,1.2748692035675049
G4801670,0.34392496943473816
G4804510,1.5876659154891968
G4800790,0.4784258306026459
G4800770,1.2778488397598267
G4800410,1.1806772947311401
G4804250,3.4169418811798096
G4802530,0.7300089597702026
G4800530,3.0188913345336914
G4802230,1.242746114730835
G4804850,0.9450485706329346
G4802590,5.254197597503662
G4801630,1.0354406833648682
G4800050,1.5635509490966797
G4805050,0.9954108595848083
G4803630,3.3341429233551025
G4800430,6.234335422515869
G4804870,0.8931536674499512
G4803490,1.1137161254882812
G4804170,2.2451021671295166
G4801350,0.5451042056083679
G4804470,1.8183248043060303
G4802850,1.1929210424423218
G4801330,1.8548760414123535
G4801290,2.9425277709960938
G4804650,5.613857269287109
G4803550,0.43320393562316895
G4804370,0.4665743112564087
G4800510,1.3982654809951782
G4803930,3.7349655628204346
G4800490,1.9029393196105957
G4803390,1.1965107917785645
G4801555,9.165596961975098
G4803430,2.228438138961792
G4801530,0.8811952471733093
G4804130,1.4217253923416138
G4802070,0.784022867679596
G4801415,0.8313379883766174
G4804530,3.566138505935669
G4804610,1.1187710762023926
G4800090,1.123404860496521
G4802550,1.3981233835220337
G4802210,2.4670071601867676
G4804910,1.5338125228881836
G4802830,0.7912871837615967
G4804550,1.4105325937271118
G4803990,1.2007849216461182
G4801410,3.818469285964966
G4800690,0.4822704792022705
G4800250,0.9905216097831726
G4804490,1.52830171585083
G4802090,3.215693235397339
G4804830,1.8643215894699097
G4804730,0.7577548623085022
G4801590,1.540644884109497
G4805070,0.7426508069038391
G4802110,2.517850160598755
G4803610,0.3056771755218506
G4804930,1.3696568012237549
G4800710,0.2021358609199524
G4802970,1.4493863582611084
G4803190,3.2145140171051025
G4801710,3.4357895851135254
G4800750,1.6924124956130981
G4800870,2.4299919605255127
G4802630,2.4480960369110107
G4802750,1.3388700485229492
G4803170,0.5880676507949829
G4804290,2.035022258758545
G4800550,1.5845873355865479
G4802990,3.2260935306549072
G4801230,1.452418327331543
G4801250,2.593433380126953
G4802170,1.5232809782028198
G4801930,2.3468313217163086
G4804630,4.145563125610352
G4803910,0.2953404188156128
G4803590,2.4366531372070312
G5000270,10.497126579284668
G5000170,9.498781204223633
G5000010,6.583369731903076
G5000210,9.436656951904297
G5000190,6.240200042724609
G5000230,9.613373756408691
G5000150,9.124604225158691
G5000030,10.342195510864258
G5000250,9.043476104736328
G5000090,6.915624618530273
G5000070,6.465399265289307
G5000110,5.4072089195251465
G5000130,0.699156641960144
G5000050,7.405284881591797
G5101090,3.198011875152588
G5100210,14.44270133972168
G5100730,1.6928797960281372
G5101130,9.521503448486328
G5100950,2.812197208404541
G5100690,6.230648994445801
G5100610,4.753999710083008
G5100035,3.4162094593048096
G5101530,3.4347712993621826
G5100990,3.5329430103302
G5101710,8.809842109680176
G5100170,15.39638614654541
G5101210,11.786881446838379
G5100810,1.6215275526046753
G5101570,9.963933944702148
G5100530,2.307150363922119
G5101190,2.486804962158203
G5101050,13.967618942260742
G5101230,0.7506271600723267
G5101750,1.1001949310302734
G5100570,2.975466012954712
G5101690,16.020160675048828
G5101330,2.460176944732666
G5100930,1.1068928241729736
G5101650,10.339040756225586
G5101390,11.235797882080078
G5100310,5.323021411895752
G5100070,3.2819900512695312
G5101030,2.2829787731170654
G5101910,12.964224815368652
G5100670,8.921624183654785
G5101950,16.5267276763916
G5100250,2.9382002353668213
G5100050,16.339651107788086
G5100360,1.5267964601516724
G5100490,3.7272329330444336
G5101830,1.2934603691101074
G5100090,10.75816822052002
G5101110,3.702949047088623
G5100430,4.448275566101074
G5101010,2.425382137298584
G5101290,0.34094464778900146
G5101610,11.489447593688965
G5100230,12.490413665771484
G5100470,3.7121341228485107
G5101890,0.9032124280929565
G5100370,3.863158941268921
G5101510,0.48793891072273254
G5100790,10.230459213256836
G5100750,3.66985821723938
G5100110,5.331958770751953
G5100850,2.7002038955688477
G5101770,3.088442087173462
G5100830,3.9414830207824707
G5101370,4.149758338928223
G5101670,15.924590110778809
G5101350,3.6685049533843994
G5101990,1.71840238571167
G5101310,0.5145485997200012
G5100630,10.1448392868042
G5101550,10.863839149475098
G5101490,1.636114478111267
G5100410,2.564972400665283
G5100890,7.723974704742432
G5100510,20.237565994262695
G5100330,3.145094633102417
G5100770,12.51940631866455
G5101970,10.860334396362305
G5100150,9.767216682434082
G5100910,15.238378524780273
G5101810,1.647971272468567
G5100650,4.552552223205566
G5101170,3.219200611114502
G5100870,1.8161983489990234
G5100270,23.33640480041504
G5101430,4.880198001861572
G5100550,0.5047022104263306
G5101630,12.231749534606934
G5100710,14.02165699005127
G5101790,4.156869888305664
G5101870,8.55232048034668
G5100350,10.496125221252441
G5101590,3.2933008670806885
G5101850,15.665450096130371
G5101070,4.125894069671631
G5101250,12.02160930633545
G5100970,2.7316536903381348
G5101470,4.486145496368408
G5101450,3.320868492126465
G5101150,0.3593568801879883
G5101730,14.152992248535156
G5100190,8.629343032836914
G5100030,8.286640167236328
G5107300,2.370826005935669
G5100450,13.092535018920898
G5100590,3.3624579906463623
G5101270,2.726092576980591
G5100010,0.4239579439163208
G5100290,5.013055801391602
G5101930,2.867658853530884
G5101410,11.171435356140137
G5300110,7.205471992492676
G5300410,15.215838432312012
G5300090,17.121479034423828
G5300370,16.511703491210938
G5300210,3.89919376373291
G5300650,13.861166000366211
G5300750,7.633874893188477
G5300670,6.455008029937744
G5300330,15.167303085327148
G5300710,7.276974678039551
G5300490,13.355488777160645
G5300430,4.293158531188965
G5300730,21.759716033935547
G5300530,12.622635841369629
G5300350,5.621843338012695
G5300390,7.4617462158203125
G5300570,19.075382232666016
G5300610,17.609851837158203
G5300290,4.435301780700684
G5300150,13.32755184173584
G5300470,18.326196670532227
G5300030,16.861543655395508
G5300690,12.748458862304688
G5300055,10.24313735961914
G5300590,16.589622497558594
G5300310,21.11813735961914
G5300130,15.814611434936523
G5300450,12.81290054321289
G5300550,8.556194305419922
G5300170,4.226682662963867
G5300230,13.136115074157715
G5300770,8.476188659667969
G5300010,2.9314301013946533
G5300630,5.506984710693359
G5400650,9.972772598266602
G5400410,15.154948234558105
G5400230,11.870681762695312
G5400750,14.823871612548828
G5400730,13.172714233398438
G5400310,13.337112426757812
G5400990,15.854083061218262
G5400050,21.859556198120117
G5401070,9.801020622253418
G5401090,21.83871841430664
G5400630,12.532587051391602
G5400430,16.865514755249023
G5400350,11.852289199829102
G5400690,11.369454383850098
G5400870,15.143664360046387
G5400770,10.731385231018066
G5400790,12.841229438781738
G5400330,12.879403114318848
G5400670,14.908315658569336
G5400270,10.791081428527832
G5400510,14.58938217163086
G5401030,17.9305477142334
G5400550,14.271222114562988
G5400170,16.41230583190918
G5400950,13.23226547241211
G5400810,16.522117614746094
G5400370,3.7028608322143555
G5400070,16.95305824279785
G5400910,12.268909454345703
G5400210,17.13677978515625
G5400490,13.68455982208252
G5400150,17.75931739807129
G5400290,9.81934642791748
G5400530,9.980445861816406
G5400030,5.525484561920166
G5401050,13.779733657836914
G5400130,17.43754005432129
G5401010,17.737831115722656
G5400450,23.403762817382812
G5400110,13.190092086791992
G5400830,14.482616424560547
G5400610,12.3460054397583
G5400090,10.547364234924316
G5400470,22.078542709350586
G5400390,17.56485939025879
G5400010,11.477901458740234
G5400710,16.756973266601562
G5400250,13.799439430236816
G5400970,12.149983406066895
G5400190,16.18341064453125
G5400890,15.747479438781738
G5400930,12.988261222839355
G5400570,11.449843406677246
G5400850,14.060795783996582
G5501390,0.7099323868751526
G5500790,1.5243080854415894
G5500390,1.548917293548584
G5500350,3.1800005435943604
G5500990,1.3614906072616577
G5501370,1.6351747512817383
G5500070,2.983936309814453
G5501130,2.0192079544067383
G5501110,5.302872657775879
G5501030,8.992083549499512
G5500810,5.861625671386719
G5500730,1.645626425743103
G5500250,3.136667013168335
G5500290,1.368432879447937
G5500210,2.2363486289978027
G5500690,1.8624659776687622
G5500410,2.1860713958740234
G5500310,1.7297180891036987
G5500530,3.4021973609924316
G5501230,9.040214538574219
G5500190,1.542661428451538
G5500770,1.6733732223510742
G5500470,1.6347061395645142
G5500270,1.7999502420425415
G5500950,2.3402156829833984
G5501050,1.802252173423767
G5501170,1.9841935634613037
G5500150,1.0446417331695557
G5500750,1.9872443675994873
G5500130,1.7439873218536377
G5500090,1.342950463294983
G5500910,5.995606899261475
G5500570,2.3415443897247314
G5500670,2.105307102203369
G5500110,8.67070198059082
G5501310,2.2253026962280273
G5500010,1.1354247331619263
G5500170,1.9418312311172485
G5500030,2.055091381072998
G5501290,2.4244437217712402
G5500930,4.9647040367126465
G5500970,1.2884424924850464
G5500610,1.4612053632736206
G5501090,2.6681673526763916
G5500850,1.8280357122421265
G5500550,1.6783241033554077
G5500870,0.9432522058486938
G5501330,1.9955838918685913
G5500050,2.350888967514038
G5501210,6.887198448181152
G5500490,6.235305309295654
G5501410,0.7777668833732605
G5500630,7.704264163970947
G5500330,4.333352088928223
G5500430,6.450794696807861
G5501150,1.8436834812164307
G5501010,1.4298551082611084
G5500890,1.7024263143539429
G5500710,1.6046113967895508
G5500590,1.3965479135513306
G5501350,1.722326636314392
G5501270,1.7820923328399658
G5500650,4.1537065505981445
G5500450,3.8089120388031006
G5500230,9.346142768859863
G5500830,1.6479401588439941
G5501190,1.4585849046707153
G5500370,2.781667709350586
G5600070,5.769748210906982
G5600110,5.905179977416992
G5600210,3.456827402114868
G5600090,4.300309658050537
G5600190,8.002382278442383
G5600010,5.378447532653809
G5600130,9.240180969238281
G5600330,9.962206840515137
G5600470,9.721076965332031
G5600410,10.410292625427246
G5600450,3.905538558959961
G5600250,5.108821392059326
G5600370,3.6352622509002686
