GISJOIN,sand_mean
G2100790,14.53503704071045
G0100030,60.279903411865234
G1302690,74.375
G2001410,21.089231491088867
G2101050,17.98592758178711
G5400390,36.11698913574219
G5000090,43.78114700317383
G0450177,47.528717041015625
G4803090,23.865718841552734
G3100670,15.716285705566406
G4803910,44.433589935302734
G3101670,29.380640029907227
G4200190,29.73702621459961
G3100210,13.49710750579834
G2600490,47.631507873535156
G1302090,73.79010009765625
G3550255,39.025577545166016
G2100050,10.525443077087402
G3600270,31.744966506958008
G3701110,43.845733642578125
G2700030,78.27242279052734
G4802130,59.675716400146484
G0600790,40.38877868652344
G1900370,38.37017822265625
G4804690,47.297664642333984
G5500030,40.27875518798828
G3101095,39.100303649902344
G1300395,45.01232147216797
G3600110,27.842823028564453
G3701790,21.32240867614746
G1801790,15.36056900024414
G2102330,15.95366096496582
G4800970,37.075809478759766
G1701430,17.9111270904541
G2601570,61.22169494628906
G2001950,24.705951690673828
G2101070,17.865442276000977
G5501370,71.88087463378906
G3701970,42.914894104003906
G4701610,17.276592254638672
G5500710,31.325145721435547
G5500790,16.172372817993164
G1701590,18.47840690612793
G2700670,27.407817840576172
G3701330,74.78131103515625
G2800570,48.16426467895508
G2600230,56.549354553222656
G0450155,46.9711799621582
G0600750,70.4341812133789
G1200190,90.61725616455078
G4500110,77.67206573486328
G2900090,16.655698776245117
G2200235,19.852108001708984
G5500390,21.724014282226562
G4701650,14.463709831237793
G4804930,63.89304733276367
G5501270,22.04904556274414
G4800930,54.17829132080078
G1801450,18.47650146484375
G2901070,14.330323219299316
G4950435,35.996063232421875
G1302330,28.30600929260254
G3701390,47.57811737060547
G5100470,29.961376190185547
G2000570,25.889976501464844
G2600170,68.96649169921875
G3900990,21.97328758239746
G2200050,19.930625915527344
G5400970,29.966142654418945
G1303110,45.459136962890625
G2900170,18.42917251586914
G0600050,41.91232681274414
G3600750,49.360023498535156
G3900710,18.0476016998291
G2200090,20.27880096435547
G1801370,17.042158126831055
G2101490,14.834911346435547
G5500310,51.27340316772461
G1701350,16.457721710205078
G5100750,47.04737854003906
G3050035,29.463090896606445
G1900590,32.62699508666992
G4201330,23.037168502807617
G2102350,27.75941276550293
G0601050,49.74773025512695
G4100110,34.05506896972656
G1700190,15.180800437927246
G2101910,9.859758377075195
G3109015,27.710250854492188
G3900370,16.89638900756836
G4803310,46.06092071533203
G1701050,14.687191009521484
G4803950,65.00676727294922
G0100930,53.326995849609375
G4802810,30.482864379882812
G0600270,54.38387680053711
G4200370,29.814802169799805
G5101350,50.56890106201172
G0950975,15.278870582580566
G2100490,14.141189575195312
G5400830,28.563247680664062
G4801970,36.734561920166016
G5100010,51.49924087524414
G2901730,17.629852294921875
G5101750,58.308345794677734
G2900670,20.930681228637695
G1901710,15.641590118408203
G2800330,19.477209091186523
G2001610,13.233510971069336
G3700730,58.601566314697266
G2200470,18.691696166992188
G0450195,42.873321533203125
G5500650,17.11517333984375
G2600770,54.91986083984375
G4500750,75.21770477294922
G2901570,18.82110023498535
G0100670,67.94048309326172
G4500070,50.12285614013672
G1900390,24.165136337280273
G2700510,35.37363815307617
G3550035,50.417816162109375
G4700910,36.645904541015625
G1302370,47.30094909667969
G1200770,81.88274383544922
G5100230,31.182952880859375
G3300070,44.250335693359375
G2601270,84.46993255615234
G1300630,44.58882522583008
G3700850,72.00330352783203
G1701250,50.85844421386719
G2902230,20.022472381591797
G0500330,39.735591888427734
G4800295,38.837764739990234
G2000430,17.640649795532227
G2901890,17.617633819580078
G5100830,43.873634338378906
G5000070,45.2845344543457
G4801750,54.710693359375
G4803370,47.56256103515625
G0600090,41.247249603271484
G1801310,64.51930236816406
G2100570,16.952959060668945
G0101330,45.38846969604492
G4200270,38.695281982421875
G2800670,50.322303771972656
G0601070,51.73982238769531
G3100010,22.439786911010742
G5501090,35.16293716430664
G2600070,65.53898620605469
G1901870,29.747447967529297
G1700170,24.25611686706543
G0500290,40.020423889160156
G2700230,23.835391998291016
G4801230,62.96352767944336
G4201010,20.666357040405273
G1900170,38.69009017944336
G0100570,47.529911041259766
G3900250,16.458518981933594
G1701750,16.32562255859375
G5350395,47.539241790771484
G3600690,26.655372619628906
G4100230,30.50048065185547
G3701870,47.194847106933594
G2800890,23.94355010986328
G2900910,16.79081153869629
G3601170,33.59817123413086
G4200990,36.7529296875
G2901670,17.75582504272461
G4800250,50.51396179199219
G5501170,28.335025787353516
G5100370,42.586456298828125
G3300010,58.40516662597656
G4200050,26.878768920898438
G2901010,18.918909072875977
G5101110,41.30889892578125
G5000250,41.399818420410156
G4802710,28.412199020385742
G1900250,29.71490478515625
G1800010,16.326322555541992
G1801630,18.247426986694336
G0600370,52.19409942626953
G2000030,14.054604530334473
G4700970,17.925634384155273
G5100110,29.446182250976562
G1300870,74.39720153808594
G5650035,45.37234878540039
G2901190,16.98988151550293
G0850255,51.845951080322266
G4800350,27.48491668701172
G4803070,29.388832092285156
G4700530,22.627975463867188
G4701190,16.207895278930664
G1801130,37.26422882080078
G1701090,17.189212799072266
G2101530,34.56403350830078
G1901630,16.969446182250977
G5500830,63.57489013671875
G5101830,53.84178161621094
G2101250,21.835546493530273
G5000050,42.20745849609375
G4803150,65.30156707763672
G4500230,46.627750396728516
G4800570,47.08375930786133
G1801290,17.924789428710938
G1800090,16.234573364257812
G4200450,19.363380432128906
G1701150,16.815839767456055
G2201270,38.176414489746094
G5400470,41.71436309814453
G1801050,18.199974060058594
G2601390,69.23925018310547
G5100870,57.94963073730469
G4701810,17.71937370300293
G4802410,50.591712951660156
G2300110,42.917198181152344
G1700110,17.745208740234375
G1000030,28.692548751831055
G4700610,34.477806091308594
G1801590,13.111337661743164
G5500350,59.349666595458984
G3600250,26.656681060791016
G1200810,90.94984436035156
G2200730,32.836151123046875
G4801930,28.211278915405273
G3900330,14.764813423156738
G1701230,16.264629364013672
G1301190,46.10823440551758
G1800430,17.184553146362305
G4201250,17.66280174255371
G3600230,20.861122131347656
G1303190,71.73827362060547
G3701350,35.49954605102539
G2600790,86.981597900390625
G0500810,24.610239028930664
G2701230,51.242183685302734
G1200330,69.739532470703125
G0500630,34.31392288208008
G4801850,55.08072280883789
G0500890,22.752351760864258
G5501210,40.27029800415039
G1801330,19.006572723388672
G0500390,34.56786346435547
G2300090,50.41977310180664
G2601010,87.08598327636719
G1700350,17.998401641845703
G3600850,38.683780670166016
G2600690,79.64202117919922
G1200130,78.9517593383789
G1901730,18.279329299926758
G2000450,18.591909408569336
G2900410,19.148784637451172
G1303070,76.33479309082031
G1800890,44.31019592285156
G4400010,47.239463806152344
G0101050,42.894527435302734
G0100090,40.8541259765625
G1901010,20.010021209716797
G0850275,43.35538864135742
G4701170,15.952898025512695
G3900170,18.989070892333984
G1650175,23.481149673461914
G1800030,18.583894729614258
G1701010,19.036487579345703
G4700770,33.81698989868164
G1900710,13.99295711517334
G1901970,28.937480926513672
G1900290,16.20747184753418
G2800010,21.41477394104004
G2800130,23.017040252685547
G1300930,73.8187255859375
G5100630,34.730464935302734
G0500590,35.34678268432617
G3600350,46.79841995239258
G2200690,35.34589385986328
G2601530,76.44173431396484
G5500210,38.79974365234375
G2901990,28.81525993347168
G4800130,59.70533752441406
G3901410,20.321157455444336
G2001570,16.725059509277344
G3200050,46.760833740234375
G0100630,40.83721160888672
G4801810,30.616371154785156
G4701230,31.077085494995117
G1900690,28.339977264404297
G5350495,24.40984344482422
G4804870,43.41658020019531
G3900690,31.040267944335938
G1700670,17.177093505859375
G3550195,50.08440017700195
G5101810,55.066951751708984
G2601370,83.81720733642578
G2902290,16.302244186401367
G2700450,21.50288963317871
G0501410,44.50090789794922
G1301150,24.07883644104004
G5500090,35.380882263183594
G1801770,20.81110954284668
G1302730,71.92229461669922
G2001250,19.702178955078125
G1801190,18.4591007232666
G4701550,32.2630615234375
G0600950,27.4195556640625
G3300050,49.62281799316406
G2900490,21.547632217407227
G3701490,46.471534729003906
G5101570,32.80204391479492
G4800890,58.467735290527344
G2700790,32.41830062866211
G4701310,17.188161849975586
G0101210,32.2386474609375
G3700010,42.2940673828125
G4801490,47.57614517211914
G3550315,48.90537643432617
G1700550,18.2581729888916
G4803490,29.742778778076172
G5101850,25.41057586669922
G5000110,47.1975212097168
G3701010,67.373046875
G5350275,52.85791015625
G5101190,58.32469940185547
G5650135,44.03742980957031
G1700730,18.744802474975586
G2901230,19.445343017578125
G0600810,45.277156829833984
G3900630,18.876420974731445
G1800410,18.950864791870117
G1700290,16.518604278564453
G2201050,33.37479782104492
G1701570,18.181901931762695
G3101770,13.869709014892578
G4700850,17.347108840942383
G3600790,51.078033447265625
G4500850,71.41230010986328
G1301690,53.826168060302734
G5350095,27.634984970092773
G1300690,78.39888000488281
G3700310,69.64013671875
G1200010,91.057220458984375
G3900950,45.54228591918945
G3400070,71.25257110595703
G5000190,41.599674224853516
G2100910,17.290876388549805
G2600210,48.75916290283203
G0600850,36.87681198120117
G4800510,56.68220520019531
G2900370,14.197073936462402
G5100070,48.58624267578125
G3400290,83.0714340209961
G1200830,91.21524810791016
G3701750,42.7599983215332
G4801330,59.6555290222168
G3701550,64.54502868652344
G4800590,36.35688400268555
G4804230,65.88069152832031
G1300990,70.9457778930664
G1300150,28.611635208129883
G2800510,20.398916244506836
G4201030,37.897220611572266
G0950135,17.896320343017578
G4800010,62.47311782836914
G1800150,21.054195404052734
G4700370,16.940149307250977
G3900350,18.83176612854004
G4950295,47.29584884643555
G3600910,51.85521697998047
G2002050,17.803321838378906
G2001150,13.036566734313965
G1301410,53.23046875
G2700470,31.41549301147461
G1300570,48.50458526611328
G2700270,37.68277359008789
G4200130,37.01719284057617
G3400390,37.68874740600586
G1700750,25.01978874206543
G4801770,50.82280349731445
G3900610,17.437580108642578
G3600430,41.993080139160156
G2100210,14.47741985321045
G2901050,16.1449031829834
G1900430,18.1680850982666
G1701610,21.54095458984375
G2801490,21.619304656982422
G0500930,24.08710289001465
G2300290,41.038299560546875
G1701950,29.69467544555664
G1302130,32.224605560302734
G0500750,24.849327087402344
G5500530,65.122833251953125
G2700610,53.36861801147461
G1800610,16.194307327270508
G1200670,89.570220947265625
G2600270,60.987632751464844
G4201170,25.468528747558594
G4802090,26.162715911865234
G4802150,67.26127624511719
G5400270,36.183284759521484
G2100110,16.40376853942871
G3101290,15.239941596984863
G2001830,18.125696182250977
G1800830,26.163427352905273
G4100610,21.77091407775879
G0850135,39.371070861816406
G3100790,41.75846862792969
G3400410,39.72647476196289
G5500470,24.544416427612305
G3300130,58.122493743896484
G2900770,16.492843627929688
G1900210,24.94614601135254
G1301010,90.28046417236328
G2200830,17.964277267456055
G1301030,78.3458251953125
G0450275,51.45381546020508
G1301630,69.43292999267578
G4803630,38.93183517456055
G3101790,14.078683853149414
G5100360,50.662479400634766
G2100190,16.892093658447266
G3901690,21.52507972717285
G2000730,13.149944305419922
G3901550,19.817413330078125
G0501030,41.03020477294922
G2400350,39.06801223754883
G1900630,31.18563461303711
G4701890,17.067842483520508
G0900070,53.299102783203125
G1302490,76.35850524902344
G1701850,18.86890411376953
G4500430,60.44746017456055
G2801290,47.964500427246094
G3200070,36.19617462158203
G4950315,40.13592529296875
G1700610,17.696657180786133
G2100370,11.603621482849121
G2902110,30.38432502746582
G5400170,18.37147331237793
G4802530,42.67171859741211
G5000030,36.86446762084961
G0100910,36.05051040649414
G2400110,57.83160400390625
G2900390,25.834936141967773
G1301230,49.614837646484375
G0501270,37.797691345214844
G2700910,31.589853286743164
G3701830,49.38149642944336
G4800390,24.845075607299805
G0951755,35.93910217285156
G4701590,14.154180526733398
G4804790,42.900001525878906
G4200010,24.564411163330078
G2001450,38.50831985473633
G3900970,15.750923156738281
G2100270,17.790056228637695
G1650235,19.42136001586914
G1300730,54.03877639770508
G2601150,56.67940902709961
G5650115,46.59381866455078
G4100090,20.897716522216797
G1701310,20.159578323364258
G5500230,28.077184677124023
G5100910,41.00703048706055
G5100350,37.44941329956055
G1800870,54.39600372314453
G3300170,58.51675033569336
G5400410,19.215057373046875
G2801210,27.66194725036621
G1700470,17.783344268798828
G1300110,46.218406677246094
G3900090,17.800979614257812
G4800910,26.35494041442871
G3700130,49.210567474365234
G2800750,43.42424011230469
G2901030,27.641817092895508
G2700110,30.740028381347656
G4701150,31.66619110107422
G2201070,21.26755714416504
G2900150,15.550064086914062
G2001430,20.367765426635742
G0600990,47.5958251953125
G3400250,69.0286636352539
G1300710,77.08748626708984
G1900350,13.536511421203613
G1300310,75.7974624633789
G4201270,26.277938842773438
G1900670,35.78663635253906
G1300450,47.43590545654297
G2900870,13.415937423706055
G2902170,22.848615646362305
G3701630,69.37047576904297
G5101890,45.937225341796875
G1302950,28.640100479125977
G2002090,17.623674392700195
G1701810,14.597447395324707
G3701510,29.297313690185547
G1701110,21.368440628051758
G0101230,46.42512130737305
G5500110,36.96894073486328
G0501170,17.445207595825195
G5100990,60.95225143432617
G1900230,36.02754592895508
G0501190,31.736984252929688
G1302010,73.67655944824219
G1301570,47.07139205932617
G1800070,17.99352264404297
G2901350,15.678272247314453
G2001365,19.109569549560547
G3901590,15.545287132263184
G0600130,27.29117202758789
G1900830,26.9288272857666
G4700710,27.524065017700195
G2000075,38.63792419433594
G0500370,17.223527908325195
G0601150,38.65613555908203
G5500590,21.159730911254883
G2600390,90.46073150634766
G1201190,91.32429504394531
G1303150,71.85161590576172
G2902070,28.650962829589844
G2400270,24.976511001586914
G4700030,14.998783111572266
G4802250,54.35737228393555
G4200590,17.17679786682129
G2900210,14.198326110839844
G3600090,22.722204208374023
G2900750,25.881715774536133
G4950595,41.902015686035156
G2300050,55.08773422241211
G0900050,54.948280334472656
G5400910,19.524574279785156
G4804530,26.01629066467285
G2000090,25.61199378967285
G2001650,17.23783302307129
G2101130,13.269180297851562
G2405100,34.61728286743164
G3600830,31.136011123657227
G2200890,18.300668716430664
G3900150,16.25909996032715
G2800810,32.50876998901367
G4804010,61.24089431762695
G2101170,11.731230735778809
G2701530,64.12872314453125
G1301430,41.31538391113281
G1900890,37.559654235839844
G1801530,23.112104415893555
G2300310,61.36996078491211
G0100470,40.9160270690918
G4500770,48.43117141723633
G1800050,21.42864990234375
G5101990,46.400943756103516
G2001990,19.924081802368164
G4500390,44.92015075683594
G5101730,27.739351272583008
G2801570,24.454153060913086
G2900050,13.711810111999512
G2102010,9.376655578613281
G3701530,70.01026153564453
G2100610,17.882383346557617
G2400370,32.59514236450195
G4805030,41.99028396606445
G2100450,18.154191970825195
G5501010,18.875139236450195
G4803770,32.37828826904297
G1700510,18.084217071533203
G2600970,71.84741973876953
G3100590,14.075748443603516
G2100970,10.49487590789795
G4801450,30.77131462097168
G5500630,42.139366149902344
G1200570,90.44749450683594
G2101790,14.519657135009766
G1201070,90.966888427734375
G4802650,23.40357208251953
G4800310,31.536476135253906
G1801550,15.415316581726074
G4800190,21.834152221679688
G4802370,44.41238784790039
G1901850,26.0926456451416
G3100390,20.337690353393555
G2300150,39.267425537109375
G1301770,73.45365142822266
G0600710,64.06368255615234
G2900690,33.953330993652344
G0100150,26.893564224243164
G5100710,38.11769485473633
G5501050,22.182584762573242
G1901670,12.639032363891602
G0500530,34.49625015258789
G2200190,22.98250389099121
G2400130,27.08003807067871
G4800830,27.30376625061035
G4200730,21.32887840270996
G5101970,26.244924545288086
G3901710,21.018341064453125
G3700670,45.18543243408203
G3101733,69.242889404296875
G2900190,23.411645889282227
G1700850,17.5454158782959
G1900990,17.696121215820312
G5101050,27.424755096435547
G4700450,18.152488708496094
G2100150,12.709553718566895
G0950195,31.164384841918945
G4201070,36.387569427490234
G2901290,28.97391128540039
G1200030,90.82331848144531
G1801750,16.986549377441406
G3200010,38.02070617675781
G4800290,32.45212936401367
G2102370,20.92593002319336
G0501450,30.595138549804688
G2701470,31.38821029663086
G2801530,48.517024993896484
G4700350,34.049964904785156
G0951735,14.390113830566406
G1900850,15.671855926513672
G2102190,16.03614616394043
G2901450,16.7083797454834
G1701830,15.886004447937012
G4100330,38.33710479736328
G3400130,38.92230224609375
G0100730,31.726459503173828
G4200230,31.023906707763672
G2601650,87.196014404296875
G1700770,17.35846519470215
G3300090,53.72980499267578
G1301250,69.0445556640625
G3900190,21.53706169128418
G3700490,57.47291946411133
G0600530,39.95778274536133
G5400530,18.07969856262207
G4500670,58.36775207519531
G1302670,74.34779357910156
G2001110,11.98964786529541
G3600170,21.745323181152344
G4803510,54.494300842285156
G4802970,46.961326599121094
G3900130,16.283554077148438
G2701030,31.89729118347168
G4950055,26.718761444091797
G1900150,29.959836959838867
G5100930,59.93140411376953
G2800450,44.81944274902344
G5100050,40.17858123779297
G4801670,27.116802215576172
G4700470,19.563188552856445
G2701190,42.86404800415039
G2600010,78.1753158569336
G0100170,45.29548645019531
G2400250,25.891454696655273
G1901570,14.776782035827637
G1800270,26.661062240600586
G1302510,68.536224365234375
G2400330,42.70150375366211
G2800590,45.13380432128906
G2100810,9.830794334411621
G5501330,24.012781143188477
G1900010,17.572397232055664
G1800950,17.617399215698242
G4950555,48.45949172973633
G3100250,13.256855964660645
G1801810,50.45998001098633
G1901750,18.94661521911621
G4100710,17.509828567504883
G2000130,18.529911041259766
G1700330,21.330059051513672
G3100370,18.613903045654297
G2100310,17.8198299407959
G0850195,53.25817108154297
G1800290,15.228606224060059
G5350355,55.330936431884766
G3700610,71.36882019042969
G4950535,43.119354248046875
G3200330,38.807342529296875
G4200630,29.188526153564453
G2600830,62.589508056640625
G0500010,17.245269775390625
G1301390,45.523033142089844
G3550155,40.085060119628906
G0950295,23.21134376525879
G2100230,10.165708541870117
G2600450,49.63209533691406
G5650015,46.57456970214844
G2101650,27.273256301879883
G1900270,22.309743881225586
G0500650,36.78947448730469
G1200530,88.44110107421875
G3901350,17.502830505371094
G2901970,28.22641944885254
G2900650,21.010265350341797
G4950615,35.78342819213867
G1700530,13.534221649169922
G1901370,14.295408248901367
G3600530,24.75506019592285
G3600870,43.71596908569336
G2400310,30.12247085571289
G2700250,55.56013107299805
G5400210,18.82628631591797
G5100310,38.5481071472168
G4700950,21.68484115600586
G2800870,27.82215118408203
G3100750,25.17170524597168
G4802750,32.20004653930664
G4200570,36.73910903930664
G3600290,20.855531692504883
G3700550,59.396484375
G2800030,39.75053405761719
G2100330,18.88883399963379
G4701730,21.636951446533203
G2100350,19.28485870361328
G5400950,18.338361740112305
G4800770,38.44809341430664
G1301350,46.97344207763672
G3901610,18.855154037475586
G3050055,30.306676864624023
G1700970,17.336267471313477
G3600970,20.666568756103516
G0100590,48.49889373779297
G1800710,24.229087829589844
G0500730,28.129592895507812
G1301290,24.321577072143555
G2901390,20.172670364379883
G2701710,41.93785858154297
G5101590,58.51436996459961
G0501230,18.13573455810547
G4100530,19.45182228088379
G4200210,34.54847717285156
G1701930,19.10487174987793
G1303170,40.849586486816406
G3101410,23.53134536743164
G5101290,48.1585807800293
G4801135,68.98246765136719
G4700010,25.043973922729492
G1701210,18.02861976623535
G3900210,18.898847579956055
G5350135,42.59147644042969
G2100650,18.233055114746094
G2600150,55.50480270385742
G3700090,41.25462341308594
G3050235,34.31108474731445
G1801410,59.908287048339844
G4100050,34.25020980834961
G2600190,87.20526885986328
G2200370,23.68922233581543
G2700750,50.659969329833984
G2700490,23.206268310546875
G3901330,21.13280487060547
G5650095,44.81936264038086
G2001630,22.822734832763672
G0501290,29.767749786376953
G2901610,22.13826560974121
G1700870,14.858248710632324
G4802450,23.23625373840332
G4804490,48.42630386352539
G1900570,19.50841522216797
G1800730,57.36302185058594
G2601350,86.57579803466797
G4950335,56.99041748046875
G1801830,19.590227127075195
G2400050,28.72199821472168
G0850375,51.54541015625
G5101770,44.039493560791016
G1800330,22.16969871520996
G0850075,54.544307708740234
G1300190,77.26659393310547
G2801010,42.53300857543945
G3050135,37.88870620727539
G3701130,45.65079879760742
G0501050,38.318538665771484
G3100970,20.55109214782715
G2101830,17.84600830078125
G2601450,50.4700927734375
G2700090,60.04783248901367
G4701070,20.778366088867188
G3550495,40.19752502441406
G2300270,42.918704986572266
G2601470,34.508705139160156
G4804550,46.4586067199707
G3200310,51.43033981323242
G5101270,57.39755630493164
G1800790,18.335304260253906
G0600770,41.13908004760742
G0600315,47.054107666015625
G1700650,17.955215454101562
G2100770,11.725006103515625
G4500870,45.92030715942383
G1301370,45.30430603027344
G2800630,23.77175521850586
G2101730,15.537740707397461
G2900330,15.427502632141113
G0500970,38.481414794921875
G1701470,16.302536010742188
G4201230,29.251218795776367
G2800950,34.64992904663086
G5400870,16.661834716796875
G2100290,16.015893936157227
G1200590,72.6629409790039
G3701210,45.307064056396484
G1700710,25.646564483642578
G0950695,24.78421974182129
G0850035,29.419979095458984
G3400230,55.27921676635742
G3900850,36.39422607421875
G5350435,36.872982025146484
G1300350,49.15694808959961
G2102170,18.000978469848633
G3700650,69.494232177734375
G4500910,41.7663688659668
G2801350,18.717554092407227
G4200790,28.978710174560547
G3701250,58.855125427246094
G4950495,36.28726577758789
G3600150,20.069263458251953
G4802990,52.49393844604492
G2100510,26.849529266357422
G3901390,18.59869956970215
G1650195,29.132444381713867
G1300070,72.76884460449219
G5400150,30.144432067871094
G1302970,49.816898345947266
G0501330,34.57466506958008
G3600410,46.1059684753418
G5350015,24.493619918823242
G0501070,18.700050354003906
G4701750,33.862613677978516
G2900010,29.69597625732422
G0850155,55.90842819213867
G4200530,39.9034423828125
G3600450,31.307363510131836
G2800470,53.10976028442383
G2900790,25.92024040222168
G4801210,31.280332565307617
G5500870,34.046730041503906
G2201210,19.290557861328125
G4201290,23.98096466064453
G1301910,57.351200103759766
G4950637,46.55706787109375
G5100250,50.93466567993164
G2900270,24.337810516357422
G1301850,77.9102783203125
G2000375,14.238118171691895
G1301450,47.36717987060547
G4950735,46.32691955566406
G2000770,41.39655303955078
G2101970,19.801469802856445
G2101330,29.976333618164062
G2600290,71.81311798095703
G2200870,12.597332954406738
G4100470,27.593891143798828
G2601550,48.103885650634766
G4201130,26.25245475769043
G5101710,31.41727638244629
G3700830,65.166015625
G4700730,24.84895896911621
G1900770,22.362098693847656
G2700130,24.221986770629883
G3901450,17.891643524169922
G2600050,72.496002197265625
G4700670,23.559621810913086
G2902270,26.46396255493164
G1800310,17.76260757446289
G4803270,24.103116989135742
G0950355,16.9019718170166
G1801090,22.40046501159668
G3900890,19.790767669677734
G2500270,58.79634094238281
G2000630,21.174415588378906
G3050215,35.64690017700195
G5500930,29.140804290771484
G2400010,33.29486083984375
G2100250,28.37059783935547
G5101390,33.377227783203125
G5100430,20.95950698852539
G1800450,22.65399742126465
G4100510,29.97718048095703
G5400650,38.44111633300781
G4100650,46.45671081542969
G1800850,49.76255416870117
G2701370,54.235008239746094
G2700990,19.655752182006836
G3900570,19.243478775024414
G3550475,46.80906677246094
G3101270,15.039830207824707
G1301590,46.58312225341797
G2900350,16.836462020874023
G4803390,64.57547760009766
G3901490,16.50693702697754
G2701210,44.472938537597656
G1300790,63.50581741333008
G2400170,32.69301986694336
G4802030,57.75689697265625
G4200350,45.59522247314453
G3200170,45.13019561767578
G4701530,36.2227897644043
G2101030,12.00717544555664
G1901350,24.716415405273438
G4200710,21.108121871948242
G1300010,80.28038024902344
G2200070,19.080244064331055
G4804575,47.27302169799805
G4100570,28.93906593322754
G3900010,15.424805641174316
G0600470,46.0565071105957
G4700390,28.468551635742188
G1801490,74.88727569580078
G2900710,20.374753952026367
G2901860,20.0643367767334
G0600610,48.393070220947266
G4800490,35.81892776489258
G3550395,49.15764236450195
G2600250,57.09360885620117
G5100410,54.49531555175781
G3700210,43.33856201171875
G2101610,13.221376419067383
G4100430,29.477161407470703
G4400050,36.17586898803711
G1700150,19.373626708984375
G1801030,24.73242950439453
G1201330,84.59220123291016
G1900730,30.522476196289062
G5400050,48.116268157958984
G2101990,25.653724670410156
G5500730,51.28689956665039
G0900010,56.97674560546875
G2201030,31.89793586730957
G4700650,22.908063888549805
G1650115,45.527931213378906
G1302050,74.825439453125
G2200750,12.54786491394043
G5400250,28.200544357299805
G2000110,13.779995918273926
G4701770,22.914024353027344
G2700650,47.50109100341797
G4200810,34.4078254699707
G1801170,17.98087501525879
G1702010,22.269948959350586
G1700310,24.529298782348633
G2000330,46.21688461303711
G3900750,21.801111221313477
G3901150,16.910524368286133
G2100170,14.008493423461914
G1300850,45.829410552978516
G1303050,87.15460968017578
G4801310,53.65847396850586
G2300190,37.127952575683594
G2600550,80.55708312988281
G4100070,28.005796432495117
G3701290,70.2818832397461
G2701010,32.213836669921875
G2600370,45.61558151245117
G3901290,18.542070388793945
G2102390,13.655295372009277
G1901270,14.497122764587402
G5400110,21.340267181396484
G3901370,21.280040740966797
G4950115,49.09524154663086
G3900650,15.522624969482422
G2900930,18.089248657226562
G2601410,66.1100845336914
G1201270,90.45668029785156
G2101155,32.02360153198242
G5400570,30.25109100341797
G2300130,39.687870025634766
G2700930,39.30058670043945
G1302650,43.82980728149414
G5501230,25.672882080078125
G2700210,65.95470428466797
G1901910,23.074172973632812
G3300030,59.886714935302734
G3900030,18.56902503967285
G4200830,32.77758026123047
G1800910,54.227718353271484
G2800290,28.789926528930664
G2101430,18.52538299560547
G2200650,19.74721908569336
G1901210,17.01415252685547
G0850335,52.4011344909668
G2900510,15.824341773986816
G3701990,44.71109390258789
G2600350,79.685882568359375
G2701590,74.18704986572266
G3900810,19.237010955810547
G3900470,16.429105758666992
G5101450,48.702274322509766
G1901030,22.747600555419922
G3701670,21.78620719909668
G1301970,75.47547149658203
G3600670,27.65624237060547
G1701770,17.184829711914062
G2000310,14.07770824432373
G3901130,18.28594970703125
G3101530,17.242996215820312
G2701490,31.690685272216797
G5101010,58.78220748901367
G3101430,23.83366584777832
G5000210,38.34349060058594
G0900130,55.9863166809082
G2902050,22.50678825378418
G0500110,34.67497634887695
G0100190,32.2943229675293
G2601310,42.76476287841797
G1901790,22.451557159423828
G5100270,42.45016860961914
G1900950,17.84031105041504
G2800910,52.722938537597656
G2200150,31.35529327392578
G2600630,47.87477493286133
G2101290,22.9928035736084
G5350475,25.597904205322266
G3600930,23.132261276245117
G3050175,38.57057571411133
G1800570,17.969682693481445
G0850415,52.24980545043945
G0500090,23.924823760986328
G5000170,44.30275344848633
G4800150,50.303524017333984
G2201110,50.63340377807617
G3100530,20.415958404541016
G2600510,72.29087829589844
G5350175,55.713619232177734
G4200410,28.868616104125977
G2001910,24.455272674560547
G1901230,17.216203689575195
G2600910,33.24412155151367
G4804390,34.026954650878906
G4200750,28.346343994140625
G1800370,19.231550216674805
G2001470,19.914087295532227
G2001070,13.940163612365723
G4201050,32.61391830444336
G5100530,50.137821197509766
G1801070,17.152441024780273
G4802390,48.36552429199219
G2801170,43.065765380859375
G0100870,47.45671844482422
G0100650,40.86489486694336
G3700870,45.56822967529297
G5101530,33.8770866394043
G2200950,15.800912857055664
G0600010,31.286165237426758
G0100410,61.28804016113281
G4701830,20.04884910583496
G3600510,22.509275436401367
G3101330,21.28607749938965
G4500790,60.17743682861328
G4100030,27.729503631591797
G0600350,40.88570785522461
G5400510,18.547813415527344
G1901410,11.890047073364258
G2200770,18.484825134277344
G5500950,47.66056823730469
G3600490,48.192787170410156
G0100330,33.36517333984375
G3700270,44.74026870727539
G2100750,20.169403076171875
G1201290,86.63448333740234
G2901130,19.04823875427246
G3701190,45.584686279296875
G2901630,18.75484275817871
G4700790,27.91480255126953
G2800790,40.677085876464844
G4200070,22.25492286682129
G1201050,88.086761474609375
G4701670,17.671178817749023
G3901030,17.441057205200195
G5100970,61.37959671020508
G4200290,21.01170539855957
G4700990,16.711759567260742
G4803670,48.953128814697266
G3601150,30.577919006347656
G2600850,88.43006134033203
G0600930,44.74771499633789
G2102290,11.824637413024902
G5101930,58.883506774902344
G3700450,44.8216667175293
G5401050,14.422370910644531
G2201250,26.15129280090332
G1301530,66.3718032836914
G1900790,28.02149772644043
G2001730,30.854063034057617
G0100110,52.3671760559082
G5101950,39.671226501464844
G4803130,51.91578674316406
G4200490,27.361026763916016
G4800210,57.8797492980957
G2002070,18.319917678833008
G1200790,86.52422332763672
G2101510,14.775589942932129
G2101930,28.342885971069336
G0501430,34.181434631347656
G2001690,21.28842544555664
G1302110,48.82039260864258
G1900650,30.58245277404785
G0501350,28.386825561523438
G1800390,53.54542922973633
G2901270,19.48621368408203
G4802510,34.94770812988281
G2900810,27.377931594848633
G3600470,NA
G1701490,18.252534866333008
G0600450,43.69715118408203
G2101010,17.00630760192871
G2701430,32.03133773803711
G1300610,70.52794647216797
G3600710,28.639982223510742
G1201130,75.77935791015625
G2500110,52.26773452758789
G2201170,46.56242370605469
G1302710,74.70235443115234
G4802230,40.81801223754883
G1200630,74.61251068115234
G4804850,36.61906051635742
G2001350,18.376802444458008
G4804710,58.040225982666016
G2600730,61.86378860473633
G2102270,16.573286056518555
G3701090,44.828372955322266
G0100850,33.857139587402344
G1701290,19.31001091003418
G3900730,21.634620666503906
G2000833,18.972898483276367
G1302270,48.925254821777344
G3700710,40.5379753112793
G2000910,14.78272819519043
G3101850,14.485790252685547
G1701630,16.539445877075195
G4700890,19.65949821472168
G5500190,36.573394775390625
G3901050,16.255481719970703
G3701690,46.90968322753906
G0600870,52.24689865112305
G1900750,17.289989471435547
G3700590,44.53091812133789
G3600330,52.79802703857422
G2601330,73.9380111694336
G0850235,41.47968292236328
G3600190,49.45774459838867
G4200110,26.609943389892578
G1800230,17.462427139282227
G2700955,47.68935012817383
G2901690,16.71221923828125
G3200275,38.980812072753906
G1800510,19.993776321411133
G4700410,15.082815170288086
G1800190,16.730880737304688
G2000590,17.888757705688477
G3109035,17.721399307250977
G4701630,21.360700607299805
G4804050,52.93385314941406
G0100290,40.7161979675293
G1300210,60.253028869628906
G2200130,55.60941696166992
G2900430,16.67064666748047
G4200550,33.821319580078125
G2601430,87.1159439086914
G1302230,48.233253479003906
G3700330,46.23006057739258
G4100290,49.07600402832031
G4800850,17.445850372314453
G1901490,13.058954238891602
G1302850,49.64252471923828
G2200910,31.326377868652344
G1801230,19.958539962768555
G2600870,50.86259460449219
G5501390,22.480775833129883
G3600370,23.052371978759766
G2201010,19.383647918701172
G3700290,52.32273864746094
G2200330,19.169879913330078
G4700070,32.9102783203125
G0100890,20.77244758605957
G2901410,15.161802291870117
G5400790,17.36890411376953
G4804590,60.26676940917969
G1701670,16.637165069580078
G5101150,56.19431686401367
G2600670,53.609161376953125
G2701610,26.658605575561523
G1801510,43.67032241821289
G4700150,15.701875686645508
G1901890,29.38250160217285
G2400210,30.7579345703125
G2400470,54.49556350708008
G2200410,19.52836036682129
G5101550,26.06523895263672
G5500610,35.61435317993164
G3700510,74.954345703125
G2800190,32.75310516357422
G4803990,30.9361629486084
G0101290,55.013267517089844
G2900970,17.907682418823242
G2101270,29.788599014282227
G4200870,36.34949493408203
G5101690,22.505678176879883
G4701330,23.737552642822266
G4701090,37.94661331176758
G4802310,29.81058692932129
G2101110,14.90019416809082
G4700290,34.8574104309082
G2500010,82.40677642822266
G5400430,24.050302505493164
G2901490,16.705873489379883
G1800170,33.698204040527344
G4200850,20.214229583740234
G5400750,26.565120697021484
G1200090,91.3248062133789
G2700850,32.96379852294922
G1701530,16.45805549621582
G1200070,90.08252716064453
G2100010,17.486791610717773
G2200510,21.335445404052734
G1900190,40.1702766418457
G1200650,80.223724365234375
G2601170,70.15930938720703
G3700190,70.521881103515625
G4700550,15.661890029907227
G5100450,40.870479583740234
G2901770,16.36142349243164
G0600730,58.77357482910156
G4701870,18.097015380859375
G4804670,49.09414291381836
G3901110,17.171966552734375
G0500550,18.79353904724121
G3700890,43.63465881347656
G4100150,29.927845001220703
G2701270,33.14668655395508
G3900910,17.32577896118164
G2800690,38.55898666381836
G2700050,60.860260009765625
G2500050,61.70741271972656
G5101790,50.37792205810547
G2102130,16.20109748840332
G1700390,18.282608032226562
G4802550,42.30359649658203
G0950855,34.6746711730957
G2800550,24.261808395385742
G4804990,56.382530212402344
G1303210,75.3766860961914
G5400630,26.365022659301758
G2200670,17.990158081054688
G5500570,66.991790771484375
G5400290,22.909563064575195
G1900550,32.78295135498047
G3700570,34.99519348144531
G2101230,18.58551025390625
G0600510,58.83616256713867
G4200610,35.176551818847656
G0501210,18.295804977416992
G3900670,20.033100128173828
G2102230,13.566851615905762
G0900030,50.360984802246094
G4802850,60.722984313964844
G2700370,38.31572723388672
G0600630,54.92648696899414
G1901090,29.16095733642578
G4701030,15.23181438446045
G3700370,37.820003509521484
G3700970,44.67388916015625
G2100930,17.548391342163086
G1800110,16.17133903503418
G5100030,38.03926467895508
G2800930,27.2183780670166
G2700330,35.04435348510742
G1650215,34.835594177246094
G1302350,74.4512939453125
G2001230,17.574655532836914
G1900410,24.375507354736328
G0500430,27.326032638549805
G3900050,19.63878059387207
G5100330,61.20464324951172
G2100710,38.44038772583008
G3901630,20.128292083740234
G2101370,17.794937133789062
G5101470,43.604732513427734
G2000990,15.428163528442383
G0101010,36.19490051269531
G2901250,16.45917510986328
G4700090,30.625049591064453
G4804190,55.693763732910156
G4804630,28.170461654663086
G1302630,53.39097595214844
G5350255,25.33172035217285
G2900230,26.189258575439453
G3050115,38.428466796875
G1200370,86.20930480957031
G1700590,19.587923049926758
G5350515,47.1192741394043
G3400270,46.54523468017578
G1900870,20.480276107788086
G0501090,38.23973083496094
G4802210,41.49557113647461
G5000130,26.280498504638672
G4700050,25.706907272338867
G2100670,14.433880805969238
G0100070,47.72629928588867
G3600630,24.75235366821289
G0500070,17.261354446411133
G5500130,65.08073425292969
G2200250,26.322540283203125
G3100075,14.042699813842773
G1701650,16.774381637573242
G1300470,25.239994049072266
G1700050,18.03702735900879
G3701230,29.441207885742188
G3700070,44.44831848144531
G4800530,31.72507667541504
G1701970,20.523698806762695
G0600910,52.094913482666016
G0501130,38.335697174072266
G1700410,14.354007720947266
G4100670,16.95948028564453
G3101110,19.790184020996094
G2200570,18.09457778930664
G3700050,39.24235534667969
G2902010,44.03152847290039
G1302910,48.462276458740234
G2801430,21.090131759643555
G1301110,49.645694732666016
G5500550,22.343305587768555
G2701330,13.825923919677734
G2000870,19.661876678466797
G5101510,46.49298858642578
G3550415,47.58555221557617
G4800990,26.5380916595459
G3700690,48.53150177001953
G3900490,16.64611053466797
G3700790,65.98885345458984
G1301210,37.54166030883789
G0951195,17.823829650878906
G2000830,17.696645736694336
G1201310,81.1279296875
G2801510,20.38054084777832
G5100035,48.58467102050781
G3101510,17.027286529541016
G2900730,18.41345977783203
G2101750,20.217252731323242
G3700150,53.27840805053711
G1800490,56.523719787597656
G0500710,39.98997116088867
G5400450,44.51127624511719
G2601510,49.41643524169922
G2200170,37.56611633300781
G2901870,16.746126174926758
G4100590,28.340267181396484
G0100610,68.23528289794922
G2700430,23.29038429260254
G2901150,27.68008804321289
G3901510,25.22136688232422
G0850295,50.951602935791016
G5400670,35.11774444580078
G4802830,43.98615646362305
G4701570,17.135005950927734
G2200630,22.742225646972656
G2200970,18.674999237060547
G3701930,44.27456283569336
G5400770,27.391918182373047
G1200250,70.28099060058594
G0600230,41.653472900390625
G3100950,17.093748092651367
G1700250,17.995620727539062
G3600030,21.44504165649414
G2800270,22.93240737915039
G1702030,18.425500869750977
G3400350,26.168190002441406
G1301550,76.83283996582031
G2400430,26.870756149291992
G1701070,17.327417373657227
G2601250,60.93406295776367
G3400150,68.420013427734375
G1801670,31.636611938476562
G1700090,18.43402671813965
G4801470,29.11893081665039
G1302150,67.08856964111328
G4950415,50.883323669433594
G2700550,18.432497024536133
G5100490,47.59928512573242
G1800470,17.104022979736328
G1302890,69.78247833251953
G3101810,18.270490646362305
G5400710,35.07820510864258
G1301130,48.80004119873047
G2100850,17.915525436401367
G2200310,44.7804069519043
G2900470,15.650043487548828
G3701710,41.52604675292969
G2801130,41.1278076171875
G2901370,23.25197410583496
G2900550,20.448863983154297
G2102150,12.598323822021484
G1701690,18.153980255126953
G1700990,15.726783752441406
G5100170,41.286460876464844
G0950075,29.907014846801758
G2600410,65.42333221435547
G2701550,25.54768943786621
G2900450,29.26898956298828
G2100730,11.382620811462402
G1901810,18.604360580444336
G5501150,65.23006439208984
G1301810,36.41900634765625
G5101330,60.84482192993164
G2700530,43.882381439208984
G3701470,59.07197952270508
G3100610,22.58002471923828
G4801710,32.05205154418945
G4500510,71.790008544921875
G2100630,21.344818115234375
G4200650,28.93865394592285
G1300090,56.31374740600586
G0501470,19.838726043701172
G1700930,16.647457122802734
G2200550,15.352051734924316
G2900850,14.812935829162598
G2200490,51.89353561401367
G5350035,39.32866668701172
G3901250,21.252756118774414
G1900610,19.31328582763672
G1800590,17.275856018066406
G5101430,50.030338287353516
G2102110,12.271444320678711
G4801870,40.6156120300293
G3300190,49.40396499633789
G4804030,49.537254333496094
G2200430,34.90157699584961
G1301470,48.885562896728516
G5500450,25.091907501220703
G4701110,15.82478141784668
G2400030,57.10429382324219
G1901110,24.400178909301758
G1200890,87.59858703613281
G3200250,54.80649185180664
G2100950,33.1200065612793
G0100310,67.72400665283203
G1301050,47.004432678222656
G3300110,58.474884033203125
G2500210,61.34023666381836
G2800490,18.374378204345703
G5100570,59.05313491821289
G0101190,37.4196662902832
G3200190,38.71938705444336
G0500310,19.87725830078125
G1901250,19.037269592285156
G1300530,70.4140853881836
G2701690,18.265762329101562
G0900110,57.36406707763672
G4801430,43.134952545166016
G2601050,77.006378173828125
G1201090,90.88984680175781
G5350295,38.465328216552734
G0500490,21.74577522277832
G4701470,16.553075790405273
G4200890,33.245967864990234
G5501110,38.94869613647461
G4700190,38.32322311401367
G2600590,47.135528564453125
G4802670,26.235111236572266
G4804810,45.30986022949219
G1901130,25.55913543701172
G4200430,31.72412872314453
G2400290,28.526275634765625
G3601190,51.976348876953125
G2102050,22.10557746887207
G1780000,39.10839080810547
G3601070,20.581897735595703
G5500810,53.30880355834961
G0101110,42.54252624511719
G4701850,26.31351089477539
G1900930,13.419402122497559
G2900950,14.151906967163086
G2800610,44.098365783691406
G2102070,18.905431747436523
G2800050,29.535207748413086
G1701410,19.509145736694336
G3100990,24.471296310424805
G2101710,21.57692527770996
G4701250,16.297855377197266
G2701390,38.175777435302734
G2800070,40.786033630371094
G2701630,42.31636047363281
G4201210,32.12255859375
G3200230,40.049476623535156
G3900430,31.262067794799805
G1900510,27.25752830505371
G1801470,17.906719207763672
G4950715,47.738922119140625
G1303010,56.16227722167969
G1700450,16.226512908935547
G0100710,34.0269775390625
G3050195,44.02347183227539
G5101030,61.273616790771484
G4802590,25.55472755432129
G0500350,19.62653350830078
G4801990,44.39186096191406
G3400190,30.29570770263672
G5401030,18.126264572143555
G0101170,31.094667434692383
G4201190,34.508052825927734
G2901830,19.005964279174805
G2101810,11.002986907958984
G2601210,71.06321716308594
G2900130,15.579614639282227
G0601030,41.36526870727539
G2000890,18.945152282714844
G3400310,46.13345718383789
G5500050,37.877044677734375
G2900310,19.55653953552246
G1300390,52.133113861083984
G4700750,17.55028533935547
G0600570,49.04035568237305
G2200930,16.28689193725586
G4803650,49.24068832397461
G1801610,18.682540893554688
G5100670,45.89325714111328
G3101210,47.18608474731445
G2400450,60.26310729980469
G3050015,46.1636848449707
G2900250,18.78941535949707
G3700390,46.15315628051758
G3700950,49.08116149902344
G1901690,31.63141632080078
G0500130,26.81398582458496
G5400070,23.105052947998047
G2300250,32.47062683105469
G5501410,39.99869155883789
G2601015,80.19348907470703
G4701430,27.86360740661621
G4500130,58.26969909667969
G0500410,19.297475814819336
G4804970,47.14888000488281
G5500070,51.8962287902832
G5500430,22.351642608642578
G2800170,22.889450073242188
G3700350,45.77159118652344
G2001390,12.949337005615234
G5101490,51.9664306640625
G4200970,31.002763748168945
G5400230,32.721275329589844
G2101450,17.84842300415039
G2800230,46.562095642089844
G4500250,72.56903076171875
G1701390,14.859086036682129
G0100990,51.14838409423828
G3600570,22.200027465820312
G3100330,56.76826095581055
G2901330,41.95052719116211
G0500470,38.73936462402344
G4500630,71.43754577636719
G5350055,35.459999084472656
G5500290,48.649932861328125
G0850095,43.444400787353516
G3700530,59.0151252746582
G1900130,35.937625885009766
G1302990,85.85607147216797
G1300770,49.85742950439453
G5500270,20.53334617614746
G4500270,71.457611083984375
G2000350,13.417222023010254
G3101090,15.532988548278809
G5400990,23.8082218170166
G3100270,22.74485969543457
G1800770,16.748050689697266
G3050155,45.65206527709961
G0501010,39.84892654418945
G1302750,74.10065460205078
G1801430,16.519678115844727
G4500190,59.9539909362793
G3400370,41.79915237426758
G4802770,33.7532844543457
G1701990,17.785661697387695
G2000210,19.620594024658203
G2400390,30.557222366333008
G4700170,26.930749893188477
G1801690,24.12836265563965
G0100770,22.00812530517578
G2001970,12.640316009521484
G1800530,16.4955997467041
G1701270,15.335925102233887
G1300830,38.738731384277344
G2900830,21.057565689086914
G3100430,15.907936096191406
G2001850,62.73093032836914
G5101410,38.671268463134766
G5500010,85.1861572265625
G1800250,18.888158798217773
G5400370,21.864139556884766
G1901930,15.297223091125488
G5400090,19.745901107788086
G5400350,13.498311042785645
G0601130,25.76640510559082
G2500070,77.08830261230469
G4804090,40.251953125
G2000170,11.700844764709473
G2600750,63.77985763549805
G2500190,85.14009857177734
G2900590,17.422771453857422
G0850395,47.72237777709961
G1302290,83.332977294921875
G0100350,54.11075973510742
G0101070,52.41375732421875
G5400810,35.16057586669922
G3900530,19.74254608154297
G2001770,15.532696723937988
G2100070,18.69869041442871
G3600810,57.65623474121094
G4800370,33.851036071777344
G1900310,15.847921371459961
G4700810,16.375028610229492
G2601110,72.18793487548828
G1201210,89.87644958496094
G2200290,21.130456924438477
G1900470,14.954305648803711
G2900890,20.538318634033203
G2801630,18.2298583984375
G1901530,29.589191436767578
G1800750,16.48232078552246
G3900550,18.268648147583008
G4701350,17.110301971435547
G1200230,90.02363586425781
G4200910,22.74982452392578
G1900530,27.02943992614746
G0600830,46.174339294433594
G0100790,29.894784927368164
G3900230,18.697368621826172
G1303030,69.51923370361328
G1800550,23.139562606811523
G3600950,20.685354232788086
G2600090,79.05926513671875
G4804410,29.54694366455078
G5100210,29.25450897216797
G2001030,18.50267791748047
G2001550,53.214778900146484
G1700030,16.56089210510254
G5100150,26.44913101196289
G3400170,39.58845520019531
G3101190,34.881290435791016
G4200390,19.65775489807129
G2800850,29.482620239257812
G2000850,20.54923439025879
G4800270,23.23316192626953
G4803210,38.446807861328125
G0101270,36.82052993774414
G1901150,23.464263916015625
G3900310,21.8403263092041
G4500550,69.9135513305664
G0100510,52.379676818847656
G1800630,19.422744750976562
G1302930,47.244781494140625
G4803610,31.82198143005371
G3200150,38.41488265991211
G2002010,19.964981079101562
G3901470,21.80768394470215
G3701570,44.98729705810547
G1200470,90.048583984375
G3701310,64.64057922363281
G0900150,57.73127746582031
G1300490,87.57498931884766
G1301510,47.4251823425293
G1301930,72.0020751953125
G5101610,30.04926300048828
G2701090,24.136619567871094
G2700070,65.05487823486328
G2801610,30.39668846130371
G3100550,17.517303466796875
G2000270,19.156469345092773
G2500130,56.238433837890625
G1901550,15.001740455627441
G4201090,33.5916748046875
G2901850,27.093198776245117
G4400090,53.89381790161133
G1900910,30.499282836914062
G5400310,36.6766242980957
G1701330,17.78276824951172
G3100890,76.10669708251953
G0101310,41.558555603027344
G4805070,39.22956466674805
G5100850,56.943511962890625
G2300030,24.31326675415039
G5401010,35.18747329711914
G0500870,36.6558723449707
G0100450,69.486419677734375
G4200930,27.681215286254883
G1300890,41.08556365966797
G2100550,16.416921615600586
G4800230,30.85273551940918
G2001310,23.785497665405273
G2700970,66.20589447021484
G2901710,29.15580177307129
G3700770,39.794952392578125
G3701170,56.024776458740234
G5501350,49.738319396972656
G3400330,53.08032989501953
G2901210,29.380634307861328
G4200330,32.57890701293945
G2901110,27.313602447509766
G5100190,43.45255661010742
G1700570,17.994983673095703
G3550435,43.7407341003418
G4700130,27.1785888671875
G5400730,18.4360294342041
G4802070,37.65468978881836
G2400090,51.314697265625
G2901550,27.984434127807617
G3901190,18.908201217651367
G5400610,21.536956787109375
G5400550,22.513336181640625
G4800610,60.023563385009766
G5100950,52.354835510253906
G5101210,22.448867797851562
G1200950,91.43477630615234
G5100810,43.96810531616211
G1901070,17.881744384765625
G5400330,18.477005004882812
G4804170,25.534894943237305
G2100690,13.504857063293457
G5000270,45.138404846191406
G2701290,28.448894500732422
G0600070,42.60015869140625
G2000650,24.36351776123047
G3601030,65.10982513427734
G2701650,32.3418083190918
G2801050,21.44160270690918
G1701790,27.20724868774414
G4801390,20.48342514038086
G5401090,42.244327545166016
G2800310,48.78065872192383
G2902130,16.27686309814453
G5101170,40.588199615478516
G1901450,15.062138557434082
G2000370,16.696561813354492
G3600210,32.653343200683594
G2600890,79.564849853515625
G1801270,41.488006591796875
G3900790,23.604097366333008
G4701790,29.950815200805664
G0500030,20.868452072143555
G3901650,18.217493057250977
G1801010,19.91362190246582
G5100770,37.932586669921875
G2100870,16.16916275024414
G4201150,25.047975540161133
G4803470,58.07209396362305
G2101770,17.94495391845703
G4201310,26.66939926147461
G3701070,66.8713607788086
G1800990,47.986209869384766
G1801730,18.750370025634766
G0450255,48.623817443847656
G5100650,24.2839412689209
G2300070,50.35806655883789
G5401070,14.481282234191895
G2500090,59.29838180541992
G2601630,48.07748031616211
G1200750,88.32889556884766
G2400190,38.7021369934082
G1701190,17.2451229095459
G1700210,15.73908519744873
G2901590,15.481779098510742
G3600390,25.156949996948242
G3600130,21.50345230102539
G1301950,48.61882400512695
G4200170,21.34773826599121
G1900450,19.969036102294922
G4700110,18.125110626220703
G2601190,80.94938659667969
G0600550,32.40869140625
G3101550,16.99738121032715
G0950815,36.45138931274414
G4801630,53.01382064819336
G2200450,17.890806198120117
G4950395,39.776676177978516
G1300670,41.72261047363281
G4701210,20.743711471557617
G0600190,50.39664077758789
G5000150,48.88774871826172
G1901390,22.878881454467773
G1701550,19.360803604125977
G2700350,61.159996032714844
G2700390,17.90656852722168
G4950675,38.88995361328125
G2100410,13.944490432739258
G2100890,18.26074981689453
G4500370,46.411678314208984
G3700230,43.42375564575195
G2600930,56.84918975830078
G2701310,29.333541870117188
G5100290,29.951427459716797
G4700430,16.611440658569336
G1302590,66.712188720703125
G3400010,77.37242126464844
G1301790,62.5930290222168
G3100510,20.24882698059082
G1301330,47.78750228881836
G1901590,27.087785720825195
G1801110,53.023834228515625
G0500270,40.35098648071289
G0100010,57.409156799316406
G0600970,40.99422836303711
G2800770,38.176795959472656
G2600570,50.176414489746094
G4804290,38.92850875854492
G2700170,56.0194091796875
G1901170,23.85940933227539
G1701710,19.925357818603516
G1302550,48.91987991333008
G0850015,39.52824020385742
G3901430,27.683862686157227
G4801130,22.60608673095703
G2102030,19.947872161865234
G0100810,56.98707962036133
G4803550,46.19389724731445
G2001490,16.80626678466797
G0500670,22.89569091796875
G2001170,19.281293869018555
G3700990,45.818824768066406
G1301670,76.058380126953125
G5500910,44.74917221069336
G1302810,47.12958526611328
G2500150,52.916961669921875
G0600670,36.1705436706543
G5101090,36.9538688659668
G1302390,65.3382568359375
G1901290,14.545061111450195
G2600610,56.87235641479492
G2201130,15.88874340057373
G4700930,19.439115524291992
G2400150,30.960296630859375
G4200090,32.64078140258789
G4701510,34.3062744140625
G4701490,16.11648941040039
G2800370,33.651023864746094
G1701510,14.89559268951416
G1300650,85.68705749511719
G2000050,20.62104034423828
G3100935,49.272823333740234
G4802910,34.07188034057617
G2200990,18.919404983520508
G3701910,69.70662689208984
G1300950,68.7911376953125
G5501030,32.434349060058594
G4800730,54.2477912902832
G4700690,32.18037033081055
G2100990,21.166549682617188
G1300330,72.800262451171875
G5101870,26.50546646118164
G0850115,56.586814880371094
G3101310,16.388059616088867
G4701130,23.451038360595703
G5100090,31.548023223876953
G3600650,42.0978889465332
G2801270,47.31056213378906
G2900610,26.01885986328125
G1302070,47.931758880615234
G2801230,26.015567779541016
G5400490,18.868574142456055
G3101590,16.55129051208496
G4100010,32.1868896484375
G1300290,75.19364929199219
G1300370,68.4249496459961
G0100015,48.31788635253906
G3700810,47.434608459472656
G3700430,45.11258316040039
G2800210,20.561439514160156
G4700570,21.790802001953125
G0850055,48.63205337524414
G1700910,38.0445442199707
G1901510,28.68071174621582
G1900110,19.283557891845703
G1302310,49.90235137939453
G3600610,36.69468307495117
G4804910,24.357393264770508
G2100830,18.59906005859375
G4803730,56.413856506347656
G3600730,27.47774314880371
G0501250,41.373416900634766
G5500170,36.90843200683594
G0500690,25.389949798583984
G5350455,42.74646759033203
G2000510,23.198678970336914
G1900090,14.813218116760254
G1300550,26.922754287719727
G4700210,16.654029846191406
G1700630,23.546756744384766
G3701850,46.845645904541016
G3100230,18.077404022216797
G1100010,39.560550689697266
G2600650,49.943546295166016
G5100550,52.237247467041016
G3550555,44.1777229309082
G2901950,14.964624404907227
G3050095,30.42917823791504
G4200150,23.604082107543945
G2001670,18.51142120361328
G1302610,69.67574310302734
G1302015,41.207550048828125
G2700410,46.229835510253906
G2801150,24.60334587097168
G3900110,17.582786560058594
G5100790,35.78517150878906
G4804270,68.291748046875
G5500150,26.062685012817383
G0100490,40.80060577392578
G1200870,87.8658447265625
G4700590,25.140472412109375
G0500570,32.500732421875
G1900330,34.814762115478516
G3600310,46.65934753417969
G2800990,40.572731018066406
G3200290,38.35947799682617
G3600010,24.102706909179688
G5100590,40.235145568847656
G4803110,37.94210433959961
G3101390,58.42024230957031
G5500250,24.47846031188965
G4802930,41.76652526855469
G1801570,20.466535568237305
G1701910,18.048147201538086
G4200670,33.675926208496094
G2902250,16.225135803222656
G2102090,11.866475105285645
G0100550,35.44291305541992
G3901570,21.561275482177734
G4802170,28.336023330688477
G0100270,40.611907958984375
G2101670,12.506866455078125
G5500330,51.80026626586914
G4804770,42.03084945678711
G2902030,16.609939575195312
G2000530,28.343008041381836
G4801570,30.06177520751953
G3900290,23.40559959411621
G2001330,16.837602615356445
G5400190,32.651248931884766
G2101410,16.91558265686035
G5000230,38.7800178527832
G2902190,20.063030242919922
G4500690,62.32940673828125
G2100030,16.496726989746094
G1700790,17.999675750732422
G0601010,33.695133209228516
G4400070,56.59297561645508
G2901510,16.013090133666992
G1700810,17.87923812866211
G0100230,53.82929611206055
G1801390,17.446819305419922
G5500490,25.388824462890625
G5101130,30.844261169433594
G5350215,39.37717056274414
G4950015,43.86152267456055
G2601290,71.883880615234375
G2200230,17.745994567871094
G2500030,39.086483001708984
G1302410,49.400333404541016
G4804470,25.1153507232666
G2701110,57.92845916748047
G3200130,39.137332916259766
G3901230,16.16936492919922
G0100530,60.08625030517578
G2901790,16.905349731445312
G3400030,43.11563491821289
G2000975,50.61277770996094
G4500590,49.38397979736328
G2701115,53.3181037902832
G2102250,17.50688934326172
G1801350,16.788965225219727
G4700250,21.971637725830078
G2901090,17.205673217773438
G0600410,41.39732360839844
G2100530,20.57878303527832
G2601490,71.95375061035156
G1901950,30.84539794921875
G0100950,41.53844451904297
G4700510,24.213720321655273
G2001270,11.090540885925293
G1701870,16.96192169189453
G0501490,35.704490661621094
G2900990,16.083045959472656
G1301750,72.95654296875
G2100590,16.08942413330078
G4100390,29.800579071044922
G3901090,17.723936080932617
G2701450,55.261817932128906
G2800710,41.097633361816406
G3900410,15.032343864440918
G0101030,36.26968002319336
G1302450,71.07352447509766
G4701390,39.42703628540039
G3200090,42.48735046386719
G2101150,38.926414489746094
G1901330,14.949138641357422
G4950755,41.07189178466797
G2000010,16.142030715942383
G3901730,28.788272857666016
G0100390,61.90343475341797
G4700870,16.110645294189453
G3400090,70.95233917236328
G2102310,27.99462890625
G1700490,18.005741119384766
G1900050,17.15213394165039
G2000150,12.2327241897583
G1800930,17.133865356445312
G3601210,22.20562744140625
G2000290,17.891122817993164
G5500970,69.570465087890625
G4100190,35.10562515258789
G2900630,26.45461654663086
G5100890,48.88679504394531
G2801410,49.49223709106445
G5101650,28.904808044433594
G2900030,18.192277908325195
G5350195,36.487709045410156
G2600330,66.42040252685547
G1303130,21.54383659362793
G3700170,73.05388641357422
G5350115,58.29166793823242
G2900110,25.586870193481445
G4803870,35.77326202392578
G2700590,70.360870361328125
G2901750,27.067642211914062
G5101250,32.61009979248047
G3100190,26.64955711364746
G5101370,24.183191299438477
G0501150,42.32197952270508
G3900450,20.112863540649414
G4801415,39.080108642578125
G5500770,68.3638687133789
G2001050,21.794424057006836
G5400130,18.301607131958008
G4802890,69.589874267578125
G2101890,26.81825828552246
G5350155,47.80483627319336
G1300590,46.688018798828125
G1800690,17.85950469970703
G0600430,42.48897171020508
G3600070,20.85702133178711
G3600890,47.874900817871094
G3601230,21.93560791015625
G2200850,44.588966369628906
G5350235,43.54676818847656
G1700070,19.906536102294922
G1650155,42.90119171142578
G0850355,33.24934005737305
G0100370,44.65798568725586
G4701450,23.864967346191406
G1302170,48.68795394897461
G0100830,15.772228240966797
G3701150,42.78675842285156
G2801070,23.04339027404785
G2600310,75.5001449584961
G2601610,52.942440032958984
G1300270,76.45452880859375
G5101630,28.103757858276367
G1901430,24.07670021057129
G2701670,32.877532958984375
G4200310,29.621028900146484
G3550115,47.6113166809082
G1301870,45.68278121948242
G2901650,14.474627494812012
G4500830,47.832679748535156
G3901210,16.36785316467285
G4200250,35.165138244628906
G1701130,15.963150024414062
G5400010,20.584880828857422
G4500570,44.47992706298828
G4950035,31.41623878479004
G4200510,27.552066802978516
G2800110,19.74360466003418
G2101350,19.904569625854492
G4500290,65.79964447021484
G3701950,73.671173095703125
G0850215,38.69279098510742
G1700230,20.111909866333008
G1301270,50.105194091796875
G4800050,46.247901916503906
G4950375,40.53092956542969
G2701150,55.562870025634766
G2601090,61.50585174560547
G2300210,30.575037002563477
G0100050,65.46976470947266
G0600150,43.95264434814453
G2600810,61.083614349365234
G0101130,59.705379486083984
G4801270,45.56256103515625
G5500890,27.12665367126465
G2101390,16.14789390563965
G0101155,55.78764724731445
G3100810,16.557188034057617
G1800670,16.242652893066406
G0600110,30.82980728149414
G4200030,21.062541961669922
G3601010,20.56192398071289
G4701410,22.38231658935547
G2001510,53.778072357177734
G5000010,33.70234680175781
G2900530,16.004093170166016
G1701450,17.990036010742188
G0951655,23.509016036987305
G1900030,16.149120330810547
G1800810,20.299152374267578
G2300230,40.34478759765625
G0951855,29.782041549682617
G2900290,15.221240043640137
G4801610,60.97565460205078
G3701590,42.46238708496094
G2601230,77.39493560791016
G3901070,17.02912712097168
G2901310,15.358437538146973
G4800710,24.767728805541992
G3900930,20.30420684814453
G2902090,16.78017234802246
G2500170,60.96241760253906
G2701170,15.81212043762207
G2700150,33.3234977722168
G2101630,16.359474182128906
G3400110,63.04181671142578
G2800430,25.710039138793945
G2101870,10.173720359802246
G3601110,26.319324493408203
G1800350,16.682605743408203
G5100690,26.82806968688965
G2700950,50.12394714355469
G2901810,17.18229103088379
G1901190,13.647021293640137
G1901310,31.573593139648438
G3700470,61.03200149536133
G0601090,49.520042419433594
G1700830,17.823326110839844
G4500310,71.983154296875
G1700010,17.846038818359375
G2801390,37.2939453125
G3900510,43.185672760009766
G1901830,17.58901596069336
G2601590,70.51459503173828
G0501110,20.195070266723633
G0500950,17.75275230407715
G2701570,21.21115493774414
G4801370,23.552711486816406
G1900490,28.61615562438965
G3900830,20.59626579284668
G1801650,22.890413284301758
G1700430,16.024059295654297
G3601130,50.415687561035156
G3400050,76.42389678955078
G2100470,16.333234786987305
G4500710,47.577545166015625
G0500150,22.048381805419922
G3901010,15.026700973510742
G1650015,33.650062561035156
G3700410,55.241703033447266
G3700910,59.862953186035156
G1801150,14.690454483032227
G5101310,54.144168853759766
G2102210,18.417346954345703
G3100350,14.188932418823242
G2801330,17.043724060058594
G4701010,16.655094146728516
G4500730,48.547218322753906
G4803230,36.00605010986328
G0501390,40.680885314941406
G5101070,28.68701934814453
G2000255,49.08563995361328
G2101550,15.569122314453125
G3900270,17.19891929626465
G2900070,19.410070419311523
G3600770,22.97618865966797
G3101215,78.466278076171875
G2500250,56.93212890625
G2601030,51.216590881347656
G2902150,18.019126892089844
G1801250,20.048574447631836
G0100130,46.77850341796875
G2101950,38.607521057128906
G0600890,47.54929733276367
G2800410,49.81006622314453
G1650075,60.75519943237305
G1801210,20.49099349975586
G1901770,25.46084213256836
G5101910,22.90194320678711
G1650035,41.38151550292969
G2500230,71.43418884277344
G2601070,74.64153289794922
G3700030,44.88814926147461
G0100250,49.7828483581543
G3900870,21.51544189453125
G3901750,16.309743881225586
G0600330,41.861473083496094
G2001590,38.74283218383789
G2200710,20.31524085998535
G0951275,29.369544982910156
G4803190,47.381038665771484
G3901270,19.12944984436035
G2001210,13.349560737609863
G2400410,34.64297866821289
G3901310,18.202896118164062
G4701290,35.002620697021484
G0600290,54.10978698730469
G4805050,56.81378936767578
G1800970,19.362838745117188
G3701890,46.43303680419922
G2900570,17.52486801147461
G2801110,53.183597564697266
G2101570,19.038503646850586
G1300510,53.98374557495117
G4500010,50.05856704711914
G0101090,61.2556266784668
G4802010,43.18632507324219
G0101150,27.977102279663086
G3101470,14.51038932800293
G2300010,54.94108581542969
G3700250,38.43103790283203
G1800650,17.70940399169922
G3900590,17.070497512817383
G3701770,55.63353729248047
G0100970,59.23164367675781
G4801410,43.98200607299805
G1700690,14.080622673034668
G4800950,24.020578384399414
G2700010,55.988399505615234
G1900810,29.07245635986328
G0850315,32.803741455078125
G3600550,29.774770736694336
G3600990,22.47972297668457
G2901470,18.00950050354004
G4200470,36.72537612915039
G1800130,19.938961029052734
G2600470,77.723297119140625
G4400030,52.961204528808594
G4700490,32.46432113647461
G0500190,31.610538482666016
G1800210,20.166637420654297
G5101230,55.916744232177734
G3901170,18.320985794067383
G2300170,54.95431137084961
G0950495,26.916086196899414
G2101690,17.094053268432617
G2600990,40.88794708251953
G0900090,51.85429382324219
G2701050,28.56854820251465
G3900390,22.95612907409668
G1901470,31.242326736450195
G5350555,41.50190734863281
G1200730,79.1553955078125
G1801710,16.85227394104004
G1000010,56.47193908691406
G5100730,57.875213623046875
G0600030,63.59816360473633
G2101090,22.544109344482422
G1700370,15.993256568908691
G5100610,28.52752685546875
G1700890,19.28360939025879
G4803250,38.12309265136719
G1302430,71.15106964111328
G3601090,20.964101791381836
G3550075,33.82391357421875
G4201110,29.800809860229492
G1701170,16.983396530151367
G1000050,68.50638580322266
G0501310,34.70863342285156
G3701610,45.27194595336914
G2001955,25.98863410949707
G1301170,47.839725494384766
G1701890,18.17529296875
G3701430,45.854042053222656
G1700270,17.716224670410156
G2700630,29.257383346557617
G0600170,48.497066497802734
G1201230,89.73431396484375
G1700130,19.641765594482422
G2200270,53.2210578918457
G0500170,18.943326950073242
G1700950,17.656993865966797
G1901050,27.18324851989746
G3901530,23.14334487915039
G3300150,57.89115524291992
G0101250,44.60961151123047
G1301490,46.91367721557617
G3701270,65.94141387939453
G1701370,18.303163528442383
G2801590,34.015960693359375
G3400210,44.53070831298828
G2902210,17.35578155517578
G1301070,76.28228759765625
G5400030,26.92258071899414
G4800410,48.09502029418945
G3100835,80.971649169921875
G3900070,21.51581573486328
G2901170,20.82004737854004
G2601130,80.9381103515625
G3701030,61.44158172607422
G4800090,35.09309387207031
G4802570,30.90137481689453
G2700735,34.000160217285156
G1701030,26.36176872253418
G2901530,19.791980743408203
G1200390,75.03443145751953
G2700190,36.58987045288086
G1901610,20.06560516357422
G1200310,91.39212799072266
G3601050,27.873868942260742
G2001130,22.231233596801758
G2100430,18.431081771850586
G4700310,18.657543182373047
G1900070,24.692424774169922
G1302210,46.51097106933594
G1901650,15.045783042907715
G2201090,16.06430435180664
G4804570,55.16459274291992
G4804110,33.782291412353516
G5101670,22.34410285949707
G5501310,25.296342849731445
G4500890,69.20890045166016
G2901430,39.66103744506836
G3701450,37.150325775146484
G0850175,49.75864791870117
G4800550,35.67864227294922
G4200770,26.976192474365234
G2101850,13.68918514251709
G1701730,16.451404571533203
G5400930,30.030410766601562
G2800150,24.418066024780273
G5400850,18.224727630615234
G2101210,21.262544631958008
G4500450,47.9048957824707
G2200790,36.29396057128906
G1301990,50.36827087402344
G3900770,17.481428146362305
G2100090,16.414794921875
G5400690,19.859554290771484
G1900970,18.439863204956055
G2000410,15.569429397583008
G2701410,79.05845642089844
G4200950,29.72160530090332
G3901670,15.6873779296875
G2200210,35.79666519165039
G3100470,23.160959243774414
G2801030,21.5932674407959
