GISJOIN,silt_mean
G3600390,59.46908950805664
G2500010,12.980875968933105
G2100850,67.26122283935547
G2600810,20.152509689331055
G1800210,63.641117095947266
G3601030,25.65764808654785
G1302410,32.574893951416016
G2100690,59.774776458740234
G3400270,39.328819274902344
G1701710,61.42500686645508
G2300070,38.88679504394531
G3700810,28.83108901977539
G3701430,36.11470031738281
G4701430,53.277137756347656
G2300310,29.580984115600586
G3600510,61.806697845458984
G2102070,63.33618927001953
G1800510,62.34697341918945
G1701490,62.694087982177734
G5100590,45.65896987915039
G1300450,27.056413650512695
G4701870,60.15625
G3900790,60.217079162597656
G2101370,60.605133056640625
G5101330,27.945838928222656
G4701130,62.30162811279297
G2101510,58.50590133666992
G3900130,62.43965148925781
G3901530,60.524776458740234
G1801770,58.209449768066406
G4200590,67.733978271484375
G5101215,47.482330322265625
G2800890,61.54420852661133
G2300290,47.49626541137695
G1700990,61.29209899902344
G4700250,58.533226013183594
G1800490,28.793794631958008
G3600250,58.42839050292969
G2600990,35.23485565185547
G5550215,48.99162673950195
G5550075,60.43331527709961
G2100370,56.697872161865234
G2100470,66.466796875
G0501210,59.077392578125
G1701190,64.20093536376953
G2102090,58.232757568359375
G5000250,45.56568145751953
G0500710,42.02962875366211
G0900130,33.9650764465332
G2800330,65.12247467041016
G5101110,34.61438751220703
G3901330,60.9443473815918
G1800730,41.211971282958984
G2900310,66.1881332397461
G2801410,39.07142639160156
G5101415,48.46002197265625
G2100050,55.9952392578125
G5550295,58.535499572753906
G3900310,62.72922134399414
G2100890,62.811256408691406
G4701350,60.84199523925781
G4200350,40.624515533447266
G3900650,59.143836975097656
G3700190,20.402013778686523
G1801730,63.484806060791016
G5550395,62.88365173339844
G2200630,59.0980110168457
G4200610,47.33378601074219
G4500890,20.15555763244629
G2800010,58.097572326660156
G4700070,47.26689529418945
G1800450,58.3289680480957
G1302310,22.137895584106445
G2901890,65.5874252319336
G2800410,35.777061462402344
G0101310,33.31790542602539
G4200510,56.41884994506836
G1301270,30.609825134277344
G5550035,52.77786636352539
G3900470,60.705596923828125
G3700130,32.98969650268555
G1801810,34.02503204345703
G4201150,60.71167755126953
G2400330,44.56331253051758
G2801510,32.8896484375
G5101290,34.839874267578125
G4500190,19.127893447875977
G3600170,64.02803039550781
G2101770,64.3012924194336
G2100590,68.18408966064453
G3601070,65.26043701171875
G2801630,63.83403396606445
G0500070,68.70344543457031
G2800290,53.68330764770508
G3600750,38.51841735839844
G4701390,41.96754455566406
G5100030,44.82905960083008
G5550095,64.26573944091797
G5101230,30.619678497314453
G1701070,66.8305435180664
G0100850,32.73249053955078
G2900890,58.69683837890625
G1700210,64.96968841552734
G5550315,62.229129791259766
G5100953,56.81016540527344
G2902050,53.39442825317383
G1700650,65.03807067871094
G3700610,19.479225158691406
G5101970,56.09214782714844
G3701030,27.107223510742188
G3300090,35.740966796875
G4701250,67.87968444824219
G3701450,41.53083801269531
G2200710,40.81733703613281
G2601470,38.18885803222656
G1801710,62.296287536621094
G4700810,68.17695617675781
G1301330,23.593910217285156
G2901210,46.76058578491211
G3600830,55.60029220581055
G4500630,19.36404037475586
G1700010,62.93033218383789
G3600730,56.599205017089844
G1801070,63.01300811767578
G2300110,44.43126678466797
G3900570,61.02434539794922
G1250175,5.586886882781982
G2902010,35.181793212890625
G2101930,55.38386154174805
G0101070,31.506900787353516
G1701850,62.03131103515625
G1800930,66.61397552490234
G3300150,32.327056884765625
G5101990,33.929386138916016
G3701070,23.030202865600586
G2600910,42.62730026245117
G3700250,38.74699020385742
G3900910,58.4083366394043
G2200690,39.70716094970703
G4500010,26.128093719482422
G1800010,58.47487258911133
G0100770,62.286529541015625
G2101030,59.089744567871094
G2900950,63.5021858215332
G3400150,21.65285873413086
G1801670,53.15427017211914
G2600210,35.360843658447266
G1301530,20.836849212646484
G2100730,57.76128005981445
G0500470,43.610565185546875
G5100670,30.47000503540039
G5550175,62.44701385498047
G2901370,53.8679084777832
G2600650,34.20115280151367
G2200170,37.315677642822266
G3700470,26.100221633911133
G2101350,59.57132339477539
G5550195,62.297935485839844
G3900210,60.4124755859375
G2900270,50.177886962890625
G2100150,58.68179702758789
G1701750,65.87601470947266
G4201250,67.35774993896484
G1250075,5.553226947784424
G1250135,12.181493759155273
G2100830,67.8363265991211
G4500070,26.317129135131836
G2900490,47.78810501098633
G2601490,19.781055450439453
G5101190,28.91897964477539
G4200830,50.83976745605469
G4200090,50.342716217041016
G1701950,54.27894973754883
G0501410,36.72103500366211
G4500570,37.14130401611328
G5550415,55.207054138183594
G1301390,24.483787536621094
G1700610,63.03704833984375
G3700970,27.73501205444336
G4201290,59.836734771728516
G2902230,61.12136459350586
G1801010,66.05775451660156
G3900370,62.15914535522461
G1701610,61.123538970947266
G3700790,23.678634643554688
G2902210,65.07500457763672
G1302710,15.531791687011719
G1801290,63.20329666137695
G0100390,26.365434646606445
G4200410,53.886539459228516
G5100730,29.786449432373047
G5100360,31.778451919555664
G2600450,34.76048278808594
G2100510,56.96421813964844
G4700790,57.22652053833008
G4200210,49.818363189697266
G4500690,23.028541564941406
G2901870,64.400848388671875
G0500930,41.26118087768555
G3700870,36.09744644165039
G5101270,29.732685089111328
G3900750,63.206809997558594
G5100010,35.44300842285156
G4400090,36.14487838745117
G3900550,64.92058563232422
G2101810,53.6037483215332
G0100030,27.634092330932617
G1250315,7.08128023147583
G1250295,5.396441459655762
G1801390,62.493553161621094
G1800610,66.92235565185547
G1801370,65.970703125
G5550435,51.810176849365234
G2901390,53.62759017944336
G0100190,47.32029724121094
G1301550,16.003725051879883
G2100870,64.01434326171875
G1300870,16.4501895904541
G5100710,46.256587982177734
G2601575,38.870689392089844
G2100030,66.71964263916016
G5101770,39.40397262573242
G3700290,33.8117561340332
G1700150,64.604156494140625
G2101730,57.677425384521484
G2801210,52.91074752807617
G3400110,27.909440994262695
G5101670,48.77099609375
G5000230,48.58536148071289
G1800410,60.93143081665039
G4200770,56.270240783691406
G3900970,63.52623748779297
G0500890,62.36030960083008
G0900050,34.49300003051758
G1302510,19.489700317382812
G2400430,53.93315124511719
G4700290,46.2849235534668
G2400290,57.04220962524414
G1700230,63.585941314697266
G5550255,59.6807861328125
G3700210,37.80543518066406
G3900230,60.549617767333984
G3701910,20.857572555541992
G3901670,58.65182113647461
G1250255,6.480910301208496
G5101437,57.04047393798828
G3900590,61.85413360595703
G3601010,65.28289031982422
G0500170,49.9387321472168
G0100710,45.88043975830078
G5101630,49.216896057128906
G2102290,55.103492736816406
G4200810,53.275230407714844
G4700730,55.1011848449707
G2101670,59.68684005737305
G3901290,60.662445068359375
G3601150,52.472877502441406
G5100810,34.773651123046875
G2100270,67.30024719238281
G1302170,24.860275268554688
G2801130,43.235660552978516
G4700410,63.880558013916016
G2801290,33.919715881347656
G2500130,32.87025833129883
G2400050,55.38302230834961
G3601090,64.20977783203125
G1700890,61.50666809082031
G4700430,68.05377197265625
G5101930,28.6949462890625
G4700590,55.1450080871582
G0500630,47.612422943115234
G2600770,31.600982666015625
G0500590,45.248390197753906
G4700050,58.7567024230957
G1250235,10.576652526855469
G1700510,66.65438079833984
G2601590,20.38169288635254
G1303010,21.821483612060547
G5100530,31.863815307617188
G2400250,58.517173767089844
G5100170,42.90625762939453
G2100650,58.57453918457031
G2102210,65.71104431152344
G1800190,65.91410827636719
G1801410,27.550365447998047
G1300090,22.9604434967041
G1950295,54.59916305541992
G2600250,30.55594825744629
G1700950,65.3978271484375
G5550235,53.89970397949219
G3701530,19.78942108154297
G2101170,57.80834197998047
G4701490,55.26115798950195
G3900270,64.68534851074219
G2200970,57.09333038330078
G4700770,49.19337463378906
G1801230,65.85175323486328
G1250275,8.282220840454102
G5550335,49.0986213684082
G2100350,66.65043640136719
G2600490,35.08834457397461
G3400050,16.72218132019043
G1950175,54.89569091796875
G4500770,26.623016357421875
G3701310,23.982318878173828
G2900550,62.67219543457031
G2801590,42.379390716552734
G4201330,61.095726013183594
G5101193,62.20341110229492
G3600770,62.473106384277344
G5550135,61.12724685668945
G4700890,58.68136215209961
G0100010,28.729442596435547
G3600070,65.0179443359375
G1701110,60.78512191772461
G4700910,45.888675689697266
G3700830,23.704914093017578
G1700090,63.84246063232422
G2800510,56.8765869140625
G1801090,59.96643829345703
G2101790,56.95965576171875
G5100195,53.766578674316406
G5100957,49.031272888183594
G1301490,24.855823516845703
G2201110,32.8375129699707
G1701090,66.1850357055664
G5100850,28.41924476623535
G2600370,37.111873626708984
G3600950,64.27213287353516
G3701170,30.49280548095703
G3700230,32.17089080810547
G3700730,28.14052391052246
G3400230,33.37108612060547
G5100330,27.50986099243164
G0500150,54.06632995605469
G1801470,65.87254333496094
G4200390,66.816497802734375
G1700490,67.12645721435547
G2900730,62.046810150146484
G2600330,29.874828338623047
G2101130,62.12656021118164
G0501230,58.85810470581055
G3701830,26.853370666503906
G2500150,35.42118835449219
G5550375,34.52344512939453
G2200890,35.41160202026367
G3600010,60.88127136230469
G3600870,44.002986907958984
G1700290,64.65435028076172
G4200450,65.1547622680664
G2900710,60.03813552856445
G2900190,54.52802658081055
G5101050,48.18187713623047
G2200470,39.4389533996582
G3900810,60.56242752075195
G3901230,44.48550796508789
G3600290,63.452964782714844
G2800710,43.07240295410156
G2900330,57.694705963134766
G2100230,54.341548919677734
G3400370,44.138465881347656
G4500830,26.972454071044922
G4700110,63.97077941894531
G3600990,60.96348190307617
G3700770,37.05150604248047
G1700310,53.269798278808594
G3600450,43.96781921386719
G1800530,60.18391418457031
G4700710,54.94220733642578
G5100470,54.62912368774414
G1700190,63.93888854980469
G4201010,62.66657257080078
G2801050,50.615657806396484
G1301070,15.402837753295898
G2300090,38.632808685302734
G0900030,38.73984909057617
G2200270,36.0252685546875
G1701350,64.96680450439453
G2901810,66.05475616455078
G5100853,50.3043327331543
G2801490,51.541934967041016
G3400350,59.8299674987793
G1301170,22.557954788208008
G2901830,56.139068603515625
G3901250,31.37409019470215
G1300070,17.613290786743164
G1302970,25.05362319946289
G4701170,56.815059661865234
G5101350,28.78757095336914
G3901610,48.045204162597656
G2200210,40.91756057739258
G1301130,20.530956268310547
G3400010,16.48424530029297
G3600550,54.797420501708984
G2400410,51.43848419189453
G4200750,54.55147933959961
G2100250,55.95624542236328
G4500550,19.957185745239258
G5101390,50.72318649291992
G0101230,30.419536590576172
G5100570,29.177379608154297
G4700750,69.460479736328125
G3901310,64.57820129394531
G2800770,49.457096099853516
G5101130,50.244319915771484
G1302230,42.55519104003906
G1700970,61.29043197631836
G1950255,50.35249328613281
G3700310,20.66571044921875
G1301570,23.340669631958008
G5000210,45.8580322265625
G3900350,62.32816696166992
G3901010,58.80650329589844
G5100050,44.974830627441406
G5101690,54.767513275146484
G2100290,61.5485725402832
G4701330,56.27959442138672
G2900990,63.26105499267578
G3600690,57.7610969543457
G4200970,53.40822982788086
G1800250,67.41410064697266
G1302130,55.28148651123047
G2800110,38.41341018676758
G2600870,32.64527130126953
G5100370,33.640769958496094
G2600050,18.97381019592285
G1302930,24.67995834350586
G5101170,34.4458122253418
G0101250,40.995487213134766
G1950095,56.670127868652344
G2901150,47.76354217529297
G1950075,43.63475036621094
G1700170,57.04774856567383
G5100190,33.34721374511719
G1301030,14.151926040649414
G2800270,36.32954788208008
G5000110,39.753787994384766
G2800690,37.767608642578125
G4400050,51.1318359375
G3600790,36.39269256591797
G2101410,63.99176025390625
G2300250,55.90470886230469
G1300930,17.22496795654297
G4201230,55.908050537109375
G2900510,65.74778747558594
G1301370,26.83770179748535
G1250015,6.087040901184082
G3701130,36.504051208496094
G5100857,61.26621627807617
G2801570,54.526611328125
G4200270,45.01662063598633
G3900010,64.72608947753906
G4200430,53.284400939941406
G4500710,27.406370162963867
G2300150,48.17292404174805
G5100615,51.12641143798828
G1950055,59.54460144042969
G2800870,43.151641845703125
G0101290,29.948389053344727
G1300330,17.12513542175293
G1801030,56.88764572143555
G4700310,62.21952819824219
G0100890,58.733863830566406
G2901670,64.118743896484375
G5550177,30.00834846496582
G5101650,51.52986526489258
G3901570,61.34321212768555
G5101953,57.25690460205078
G2901270,57.78540802001953
G1800990,34.549949645996094
G1800770,64.24494171142578
G2601390,16.430295944213867
G3900490,62.06679153442383
G0100950,43.254573822021484
G2901130,57.2086296081543
G0100350,30.261672973632812
G1701690,62.4315071105957
G1700130,61.161376953125
G1801510,39.136627197265625
G2100790,60.73986053466797
G2101070,64.998687744140625
G3600090,62.12716293334961
G1250155,6.156885147094727
G1300570,28.751474380493164
G5550055,46.13414764404297
G4500670,26.075117111206055
G3701710,30.036701202392578
G2900250,55.189388275146484
G2101710,58.11971664428711
G3600570,61.872955322265625
G3700910,27.135129928588867
G4700970,58.93711853027344
G3901390,63.85634231567383
G1301230,33.03248977661133
G3400030,42.844547271728516
G1100115,43.337730407714844
G1950235,54.76881790161133
G5101470,33.494075775146484
G1801690,55.23708724975586
G4701470,67.83405303955078
G2901690,65.791412353515625
G4701230,48.8031120300293
G4700870,65.8023452758789
G5101135,64.28675079345703
G3601190,35.84975051879883
G1701410,64.28343963623047
G2201170,41.42003631591797
G1950195,54.12663650512695
G2102310,51.55423355102539
G4200850,65.99163055419922
G2500250,33.72320556640625
G0100990,32.65026092529297
G5101057,40.16805648803711
G4201270,59.56331253051758
G2500270,31.221786499023438
G3600430,45.53983688354492
G3600110,57.56419372558594
G2200910,54.846500396728516
G2100090,67.27616119384766
G0501190,53.30910873413086
G2900210,55.67966079711914
G2601095,15.957286834716797
G4701670,65.99676513671875
G1700670,63.496273040771484
G1700450,64.22269439697266
G1801170,67.38508605957031
G2901070,63.94854736328125
G2100310,66.93946075439453
G5101070,51.493919372558594
G1303050,8.434526443481445
G1801310,24.615249633789062
G3900930,59.11004638671875
G5100830,31.43048858642578
G0100970,28.077791213989258
G1302210,24.33262062072754
G1302910,33.99028778076172
G4701290,46.350921630859375
G4500310,18.584707260131836
G3900850,48.8180046081543
G0100090,43.790340423583984
G1302650,28.011066436767578
G2901170,48.53313064575195
G2200290,32.5516357421875
G2100990,57.81161880493164
G3701930,31.720462799072266
G1700750,47.76865768432617
G3901130,61.730892181396484
G2400210,51.322357177734375
G1700690,63.92537307739258
G1950035,39.18744659423828
G2201030,50.16964340209961
G1701050,57.99190139770508
G1800570,60.73649215698242
G0101170,50.17008590698242
G5100890,28.02036476135254
G5101855,61.6225700378418
G2900770,66.8609619140625
G2101210,59.086483001708984
G1950137,46.41942596435547
G3701510,49.50951385498047
G1300830,45.202720642089844
G1800650,60.75131607055664
G1801750,66.8507308959961
G1300395,21.52733612060547
G4500390,30.672931671142578
G0100670,22.026090621948242
G2102350,55.34898376464844
G2800190,46.91941452026367
G4700990,68.1178970336914
G3701290,20.501922607421875
G4500510,19.10605812072754
G1700730,63.79819107055664
G4700690,52.07075881958008
G2500090,31.260204315185547
G0101130,23.059890747070312
G5101030,27.74378776550293
G0101050,31.792461395263672
G1701890,66.325164794921875
G3901050,58.912437438964844
G2100710,45.19436264038086
G5100430,54.387001037597656
G4701650,63.36589431762695
G2100770,56.948394775390625
G1800330,55.80180740356445
G1000030,56.58591842651367
G1800430,66.639556884765625
G2101110,63.50250244140625
G0100490,44.3914794921875
G2101010,67.930419921875
G2100330,65.58316802978516
G1800890,40.34027099609375
G5100870,29.54834747314453
G1801250,63.099693298339844
G4700470,67.18116760253906
G3700330,28.92791175842285
G4500430,21.3674259185791
G2400110,31.738544464111328
G3900330,61.42583084106445
G2800070,42.30473709106445
G3700170,18.42911148071289
G1950155,64.985931396484375
G0100250,31.348411560058594
G3600230,64.87711334228516
G2100110,56.51498794555664
G2101990,54.65565872192383
G1700050,66.4975814819336
G0501270,45.40176010131836
G5101355,60.89719772338867
G1301410,23.808748245239258
G0100790,51.036033630371094
G2101750,57.19805145263672
G2200770,44.04438781738281
G5100650,56.92362976074219
G4400070,33.60569381713867
G3700410,29.90524673461914
G5000010,40.109256744384766
G2400150,54.09735870361328
G1950355,57.157318115234375
G4200550,48.973236083984375
G2101390,66.85264587402344
G3700070,44.31729507446289
G2902155,61.33522033691406
G1701570,62.236942291259766
G2800670,35.70853805541992
G1300310,15.128279685974121
G2901570,64.72850799560547
G4500750,16.467071533203125
G1801830,57.90980529785156
G3901710,47.427120208740234
G2500070,17.015281677246094
G3601050,57.55466842651367
G2600590,36.47027587890625
G1302370,23.8351993560791
G4400030,36.93989944458008
G4701810,66.72957611083984
G5101137,55.42657470703125
G3700510,16.61835289001465
G2500190,10.336139678955078
G1700830,63.42672348022461
G5000130,51.856868743896484
G1701290,53.661678314208984
G3901450,66.33162689208984
G1800850,34.179359436035156
G2902190,52.975433349609375
G1300390,19.737234115600586
G2500030,46.05150604248047
G4700170,57.52204895019531
G1950115,64.30377197265625
G4201110,54.32666778564453
G1700550,65.0844955444336
G3400170,43.40328598022461
G2901010,60.06210708618164
G0101270,44.3785514831543
G2800150,56.00371551513672
G1300790,21.521257400512695
G3701550,24.394044876098633
G1302450,19.22480583190918
G1700810,64.80951690673828
G2801430,34.59867858886719
G3700690,25.827552795410156
G2102230,62.037986755371094
G1701130,64.057891845703125
G1701510,63.38300704956055
G3900530,56.999053955078125
G2500210,29.66457176208496
G1950135,54.8324089050293
G5101450,30.33045768737793
G2102130,67.52906799316406
G1300350,21.928333282470703
G1250055,36.325775146484375
G0501110,59.980525970458984
G1301950,22.23093032836914
G1801330,63.27849197387695
G0500350,38.88530349731445
G5101455,57.29271697998047
G2102030,61.47853469848633
G4701210,62.151737213134766
G0100930,32.78701400756836
G5100310,39.95174789428711
G3600850,49.814788818359375
G5100290,45.301143646240234
G3901690,63.0352668762207
G5101090,45.01038360595703
G1800230,63.2041130065918
G2100930,62.8281135559082
G0500690,47.86842346191406
G4200190,53.67729568481445
G1800750,59.916587829589844
G4701310,62.51475143432617
G2800450,35.444950103759766
G2200370,63.35580825805664
G3900710,64.755828857421875
G4500790,26.308534622192383
G3901470,52.669212341308594
G5100490,33.545413970947266
G2200090,40.95360565185547
G1700770,61.4705696105957
G3300130,31.833711624145508
G3701850,28.819164276123047
G2200930,29.79718589782715
G2801350,48.61618423461914
G1701790,50.65279769897461
G4200630,54.95072937011719
G2900450,47.384910583496094
G3901070,59.24153137207031
G2101250,61.439876556396484
G3900690,29.514095306396484
G2801110,33.45737075805664
G1300290,17.699777603149414
G0900090,37.26048278808594
G2201250,53.85932159423828
G2300210,59.6914176940918
G3400330,35.802146911621094
G5000150,39.27706527709961
G4200870,46.599483489990234
G1701670,66.12260437011719
G0501090,43.928653717041016
G2200050,38.445159912109375
G5100790,50.11684799194336
G3901590,60.53336715698242
G3601170,52.373069763183594
G3701230,53.164215087890625
G0100830,66.46369171142578
G2400310,53.924190521240234
G1701310,63.241451263427734
G3900770,62.275352478027344
G1800630,60.27972412109375
G1800870,31.9945068359375
G0500190,49.05786895751953
G2901310,65.31909942626953
G2901750,48.75040817260742
G0101010,32.486793518066406
G3600350,40.52359390258789
G4700490,47.29805374145508
G4200030,64.05674743652344
G1301850,14.853536605834961
G2101270,50.287872314453125
G0500010,57.150203704833984
G5100293,56.83830261230469
G1303030,19.711429595947266
G2800910,33.73985290527344
G1701810,62.566524505615234
G5550355,51.99951934814453
G4701850,49.50148391723633
G1701830,60.159725189208984
G1801790,61.11249923706055
G4701770,52.087650299072266
G3400250,16.399267196655273
G2300030,59.473575592041016
G3901650,63.42185974121094
G3900410,61.53948974609375
G2400370,53.75605392456055
G0100070,34.85731887817383
G3400210,44.62495803833008
G1950015,57.93132781982422
G1302990,9.43751049041748
G2400470,31.598831176757812
G4700450,57.962074279785156
G3300050,39.317604064941406
G1701990,64.85114288330078
G2600150,31.585941314697266
G2900070,57.19797134399414
G1301750,17.09844207763672
G3900950,30.62469482421875
G1302090,17.471837997436523
G5100970,27.824893951416016
G0500290,42.39961242675781
G2200330,62.894752502441406
G1800110,62.95429611206055
G1303170,29.614723205566406
G0500570,41.210968017578125
G3900190,61.93758010864258
G2900090,65.607666015625
G0100730,52.60517120361328
G1100075,50.83913040161133
G2100010,64.24263000488281
G4500910,34.617881774902344
G0100370,31.970643997192383
G2901630,57.02445983886719
G3601230,63.51619338989258
G5000090,43.44380187988281
G0500650,54.48397445678711
G3701590,32.14840316772461
G5101510,36.099884033203125
G1800150,62.03660202026367
G1800130,65.919219970703125
G2101870,54.92372512817383
G1301190,23.615022659301758
G1701030,55.605506896972656
G1950215,52.772029876708984
G5101430,28.751510620117188
G2901730,61.43158721923828
G5100930,28.027050018310547
G0500330,46.049625396728516
G1300550,55.04637145996094
G2800990,39.02450942993164
G2100610,65.414306640625
G0100590,40.72827911376953
G3701990,37.779205322265625
G1701730,65.88414001464844
G4700150,63.3517951965332
G3901370,38.22401809692383
G1000050,22.569202423095703
G4700030,56.07145309448242
G3901730,28.523534774780273
G2800370,51.91579818725586
G1301770,17.37450408935547
G2200510,41.076168060302734
G1700470,64.454864501953125
G3600130,64.439422607421875
G5100833,51.919342041015625
G2500050,28.981063842773438
G3701090,28.47567367553711
G2901230,65.30500030517578
G5000070,38.24065399169922
G1301970,14.91740608215332
G2101450,68.02709197998047
G1701770,66.29051971435547
G0100870,28.889339447021484
G1800910,35.68714141845703
G3701630,20.557342529296875
G5550115,59.75752639770508
G4500110,14.262343406677246
G0501330,48.06106948852539
G1302630,20.86687469482422
G1800470,62.03003692626953
G1801450,60.15224075317383
G0100170,28.346269607543945
G3400310,40.10272216796875
G2800050,54.656761169433594
G0501430,47.825931549072266
G1800710,60.90738296508789
G2102190,65.761749267578125
G2800790,44.132057189941406
G4701790,48.62184143066406
G4200110,56.90060043334961
G2800230,33.07062530517578
G3701330,17.239696502685547
G5000030,48.844207763671875
G4500590,25.68195343017578
G4200710,61.65116500854492
G3300190,39.13007354736328
G5100775,55.49260330200195
G4201210,50.93404769897461
G4200290,62.57284927368164
G1801430,66.00215911865234
G4701570,66.80189514160156
G2901770,57.13557815551758
G1700590,63.54893112182617
G5101010,29.007822036743164
G2300190,55.067501068115234
G2100410,62.30472183227539
G2901110,48.95864486694336
G5550015,29.401718139648438
G3600470,NA
G2201210,39.75460433959961
G3600270,55.5643196105957
G3900670,61.21682357788086
G0500550,61.724273681640625
G3700950,33.76203918457031
G1100017,51.16227340698242
G2800590,36.54541015625
G1801050,66.84364318847656
G2100950,50.34068298339844
G1801210,62.30478286743164
G2600230,30.098508834838867
G1700370,64.17133331298828
G2801010,36.417930603027344
G1800390,31.57535171508789
G2400130,57.060447692871094
G0100050,23.036174774169922
G3900630,55.161582946777344
G1800350,60.809539794921875
G2100810,54.115150451660156
G1801490,20.697181701660156
G2400030,42.28813171386719
G4500290,20.14148712158203
G2200250,45.85478973388672
G3300070,43.4666633605957
G2200235,47.498626708984375
G5101530,51.67694091796875
G4701630,56.14485549926758
G3600530,60.62518310546875
G1801270,41.830177307128906
G5101150,29.725074768066406
G2800570,37.122413635253906
G3600910,37.049442291259766
G4701150,47.19709396362305
G1300730,22.98207664489746
G2300050,35.159568786621094
G3901090,62.48556900024414
G2902130,65.52042388916016
G2801270,37.65177917480469
G2200790,40.158145904541016
G3701570,29.06650733947754
G2601250,26.780006408691406
G3701610,26.260772705078125
G3600370,61.95158386230469
G3900070,62.75419616699219
G3600930,61.38302993774414
G1302610,19.431440353393555
G2102110,59.581642150878906
G2800170,50.981258392333984
G4200950,52.943363189697266
G5101210,53.5034065246582
G2902070,52.84318923950195
G1800810,59.38448715209961
G1700270,66.9881591796875
G4700550,65.49678802490234
G2601270,13.380849838256836
G3600490,38.141876220703125
G5100150,54.21683883666992
G2100910,68.83324432373047
G1300990,18.33968734741211
G1301050,23.775522232055664
G3900830,62.40945816040039
G1701870,63.33161163330078
G0101110,33.43169021606445
G1000010,32.561729431152344
G2901815,57.24642562866211
G1801350,62.44336700439453
G1701150,65.43962097167969
G1302150,16.711271286010742
G3901490,61.027191162109375
G3600890,37.012123107910156
G0501070,55.55329895019531
G2100170,61.58596420288086
G1301810,33.633174896240234
G1302430,18.272274017333984
G1701450,65.17192840576172
G1800170,50.29280090332031
G5100630,42.66624450683594
G2800210,64.73301696777344
G4700090,48.6209602355957
G3300170,30.745582580566406
G5101810,30.260610580444336
G2601550,34.62179946899414
G2300170,34.59208297729492
G5101730,52.647315979003906
G3600150,65.4680404663086
G3701250,28.011165618896484
G1800090,59.70645523071289
G4201170,60.51523971557617
G4200150,62.518001556396484
G1701630,63.881195068359375
G2600670,26.797359466552734
G2801030,43.944515228271484
G5101610,49.193695068359375
G2500110,35.7331428527832
G5101557,54.800048828125
G0101030,45.00391387939453
G4701450,58.84391784667969
G2101830,66.409515380859375
G0501150,42.848453521728516
G0501290,52.879066467285156
G2100970,54.849693298339844
G3700390,35.900020599365234
G5100410,31.83048439025879
G4700930,58.604183197021484
G1950335,53.01873779296875
G4500250,18.179420471191406
G3901550,62.12419128417969
G3701190,38.51063919067383
G3900430,47.96631622314453
G1250195,17.00238609313965
G5101410,38.54965591430664
G2101550,56.93980026245117
G0101210,41.97360610961914
G5000190,46.13054275512695
G3701270,21.851064682006836
G3701870,34.76930618286133
G1301870,33.303409576416016
G5101850,45.60146713256836
G1300210,23.029645919799805
G2200070,34.274749755859375
G4700650,59.03956604003906
G4701610,67.38023376464844
G2801230,44.26201248168945
G1300590,23.619199752807617
G2201090,26.345422744750977
G5101175,59.03902053833008
G4500130,16.95989227294922
G2200990,36.700958251953125
G4201030,48.36580276489258
G3901270,61.80534744262695
G4200890,51.94490051269531
G4200370,55.19609451293945
G2601610,31.046424865722656
G3600210,54.165245056152344
G1701970,57.73027038574219
G4701070,58.88627624511719
G1300010,13.337714195251465
G2200730,46.357418060302734
G2801610,53.6188850402832
G2901450,64.4579086303711
G2600750,25.526098251342773
G3700890,37.76666259765625
G1701330,61.55678939819336
G1800030,53.729732513427734
G1302350,16.37071990966797
G2200870,13.084900856018066
G3600810,32.371795654296875
G1800370,66.79193878173828
G2800490,68.29270935058594
G3701770,32.13560485839844
G1800590,61.086605072021484
G5100070,29.759855270385742
G3900870,56.366756439208984
G3901110,58.93331527709961
G1700030,60.114013671875
G1801130,44.196006774902344
G2102270,64.87358093261719
G5101197,57.417083740234375
G2801530,34.892478942871094
G1801570,60.166446685791016
G1700790,67.14378356933594
G3901030,64.193572998046875
G3701690,26.33726692199707
G3300110,31.5549373626709
G0100055,46.6941032409668
G1801530,60.77744674682617
G2800610,31.9339542388916
G2100670,63.612892150878906
G1700330,62.532012939453125
G5100230,47.763153076171875
G1801650,59.92576599121094
G4700530,63.55308532714844
G5000270,41.854522705078125
G1800690,59.10126876831055
G1302750,16.459367752075195
G5101370,56.35932159423828
G4701090,44.27094650268555
G3701390,34.97567367553711
G1800950,60.48891830444336
G3900250,66.3686294555664
G2900150,63.748348236083984
G3900150,67.071441650390625
G4700010,55.661685943603516
G0501450,50.808929443359375
G2200570,31.555089950561523
G2801070,61.44055938720703
G3600670,57.16680908203125
G2100450,64.27239227294922
G2801150,49.68483352661133
G2100430,60.31045150756836
G2801390,41.86282730102539
G3700590,28.121461868286133
G1950275,54.627227783203125
G2901860,61.8309326171875
G2900470,59.38792419433594
G4701590,62.976566314697266
G5100250,29.695842742919922
G1250215,12.518220901489258
G4200670,48.52040100097656
G5101790,34.17940902709961
G5101830,29.50116729736328
G1301630,19.824254989624023
G5101570,46.68391799926758
G2400390,44.36534881591797
G4201190,49.39059066772461
G4200790,57.53274917602539
G2102250,68.00011444091797
G2800950,40.322669982910156
G2102150,58.623870849609375
G2901410,65.39559173583984
G3600610,50.40304946899414
G2200550,45.4537467956543
G1801610,61.49750900268555
G5101310,34.31525802612305
G3600410,42.1950569152832
G4700510,56.07981491088867
G1250355,5.59701681137085
G3600650,44.452396392822266
G3700650,20.45574951171875
G5000170,42.703590393066406
G5100237,61.42207336425781
G3601110,59.40165328979492
G1302950,53.67283630371094
G4400010,42.501731872558594
G3600310,40.86628341674805
G0900110,32.78548812866211
G2600270,27.507064819335938
G5100750,33.94221496582031
G4850000,40.330814361572266
G5101490,30.448740005493164
G3900450,59.4580078125
G1303190,18.750442504882812
G4200650,50.31829833984375
G0100570,36.60356140136719
G2200650,39.263771057128906
G3400190,55.30213165283203
G1302590,17.45140266418457
G1701550,62.806087493896484
G4500450,28.009078979492188
G1301910,26.632715225219727
G0100450,21.419761657714844
G2101850,62.594940185546875
G2601150,25.849700927734375
G4500850,17.901334762573242
G0501390,50.01201629638672
G1302890,19.545549392700195
G4500370,36.67414855957031
G0900070,36.059383392333984
G2200950,31.184463500976562
G1800830,55.33320617675781
G2100570,61.13758087158203
G2101630,66.36573028564453
G2201010,33.50100326538086
G5100690,53.61959457397461
G0100910,32.285011291503906
G2600930,29.15784454345703
G1700070,62.53593063354492
G3701470,28.28350067138672
G1800270,59.28832244873047
G4700570,58.82653045654297
G3900890,61.97841262817383
G1701210,66.57334899902344
G3700150,32.993106842041016
G1800550,60.823116302490234
G4201050,51.5792236328125
G0101190,33.18796920776367
G4701890,52.1605339050293
G0501250,44.82453155517578
G4200010,61.02886962890625
G2901650,60.25431442260742
G0100470,33.51461410522461
G1301510,22.77736473083496
G4201070,49.13507843017578
G3400090,21.5201416015625
G1701430,64.76701354980469
G5101590,29.43310546875
G5101053,57.00977325439453
G1250125,13.610443115234375
G2601450,26.195770263671875
G1800970,59.98295211791992
G1250095,18.02140998840332
G4700850,67.28373718261719
G2800750,34.68589782714844
G1301590,24.21839141845703
G3900090,60.04253005981445
G2400190,47.99542236328125
G1301930,18.190902709960938
G1300670,19.79509925842285
G1700250,66.93114471435547
G5100950,31.358905792236328
G1300455,55.244300842285156
G3700490,28.895423889160156
G3700090,38.675994873046875
G1301790,23.98973274230957
G1801190,65.84740447998047
G5550155,59.08494567871094
G3901350,62.99927520751953
G5000050,45.50274658203125
G4200910,62.65732955932617
G1250375,14.024886131286621
G4200070,62.87255096435547
G2902157,53.82609176635742
G3900030,58.1755485534668
G5100770,41.08060836791992
G4701550,47.5866813659668
G1701930,61.820350646972656
G1300770,21.610301971435547
G3600330,35.65754318237305
G5101550,51.84375
G3901410,61.95476150512695
G0100630,34.60026931762695
G0500730,46.615535736083984
G0101090,26.46038246154785
G3601130,38.40110397338867
G2200750,25.52967071533203
G2100490,57.73622131347656
G0500950,56.51170349121094
G2400170,53.73841857910156
G1250115,11.356900215148926
G5101910,56.446102142333984
G2400010,51.73729705810547
G1700430,61.8541374206543
G1302670,17.07813835144043
G3901190,61.7795524597168
G3900170,59.82502365112305
G5100090,44.33927536010742
G1300510,27.39715576171875
G2200190,53.4786376953125
G0900150,32.480472564697266
G3600630,59.021549224853516
G1301450,23.85515785217285
G4200990,47.36808395385742
G2400350,48.24272918701172
G4500870,27.81809425354004
G1800310,64.72444915771484
G0100130,31.43918800354004
G4701190,63.82998275756836
G2500170,29.918209075927734
G4200050,56.75098419189453
G1301350,23.350543975830078
G1701010,62.38727951049805
G0500750,57.18609619140625
G0500410,44.55732345581055
G1700570,63.48084259033203
G0500670,51.60828399658203
G1301690,22.34084129333496
G0500870,47.668270111083984
G4700130,53.11456298828125
G2601630,30.70429039001465
G5550275,50.51091384887695
G1700870,64.49858093261719
G3900610,59.302734375
G3900290,61.53593063354492
G2900410,56.05408477783203
G2901590,65.84950256347656
G2800310,35.72248458862305
G1701370,64.8442611694336
G3700530,26.92609405517578
G2101910,53.92931365966797
G4500230,25.497547149658203
G5101890,32.88288497924805
G3700370,43.64289855957031
G1700110,64.1993408203125
G1302850,21.57350730895996
G3600030,63.956478118896484
G2300270,45.45720291137695
G2101610,59.00361251831055
G5101750,28.907989501953125
G3701010,21.509769439697266
G2101050,63.41105270385742
G1702010,61.03382873535156
G1302070,23.30116844177246
G2500230,21.312923431396484
G3901430,39.156646728515625
G1801630,64.96143341064453
G1250035,6.108928680419922
G0101150,53.26633834838867
G3701350,41.23392868041992
G4700190,43.94080352783203
G1700850,65.70026397705078
G5101870,55.61362838745117
G1302110,22.086212158203125
G2800630,58.31803512573242
G1701910,64.74256134033203
G3901510,59.349586486816406
G1700390,66.19047546386719
G5100610,53.52683639526367
G2800930,57.04795455932617
G5101710,49.74495315551758
G1301150,57.980709075927734
G2900610,47.15997314453125
G3600190,37.24665451049805
G5101275,49.93833541870117
G5100990,28.076377868652344
G5100935,52.86966323852539
G5100233,53.43968963623047
G1701230,63.98630142211914
G3400410,44.49873352050781
G1950315,58.232730865478516
G2901950,65.08892822265625
G3600710,58.18631362915039
G4200330,51.04094314575195
G4200170,64.84691619873047
G1301990,22.189950942993164
G2900530,66.6744613647461
G1801550,61.2976188659668
G1250395,10.191701889038086
G2901430,35.924564361572266
G1100005,34.666664123535156
G2101950,44.4115104675293
G4200490,59.443084716796875
G2400090,37.54661560058594
G2100530,59.077186584472656
G3400130,45.32381820678711
G1300890,19.041954040527344
G3700570,39.82477951049805
G5100550,31.915279388427734
G1800290,59.67584228515625
G2102390,62.74103546142578
G3901150,58.507843017578125
G3900730,62.01669692993164
G4701830,66.59888458251953
G1800050,60.966712951660156
G1100035,37.60740280151367
G4700370,63.438011169433594
G4701030,64.33636474609375
G5101250,46.73332977294922
G1701170,63.10548400878906
G0900010,33.00941848754883
G1800790,66.29424285888672
